[
  {
    "spectra": {
      "target": {
        "frequencies_Hz": [
          196078431372549.0,
          195963487145130.0,
          195848677602946.0,
          195734002509410.0,
          195619461628490.0,
          195505054724705.0,
          195390781563126.0,
          195276641909372.0,
          195162635529608.0,
          195048762190548.0,
          194935021659447.0,
          194821413704105.0,
          194707938092861.0,
          194594594594595.0,
          194481382978723.0,
          194368303015201.0,
          194255354474514.0,
          194142537127686.0,
          194029850746269.0,
          193917295102345.0,
          193804869968527.0,
          193692575117954.0,
          193580410324289.0,
          193468375361720.0,
          193356470004958.0,
          193244694029234.0,
          193133047210300.0,
          193021529324425.0,
          192910140148392.0,
          192798879459504.0,
          192687747035573.0,
          192576742654926.0,
          192465866096397.0,
          192355117139334.0,
          192244495563589.0,
          192134001149520.0,
          192023633677991.0,
          191913392930370.0,
          191803278688525.0,
          191693290734824.0
        ],
        "values_mW": [
          0.0007906160689266173,
          0.0007906160689266173,
          0.0007906160689266173,
          0.0007906160689266173,
          0.0007906160689266173,
          0.0007906160689266173,
          0.0007906160689266173,
          0.0007906160689266173,
          0.0007906160689266173,
          0.0007906160689266173,
          0.0007906160689266173,
          0.0007906160689266173,
          0.0007906160689266173,
          0.0007906160689266173,
          0.0007906160689266173,
          0.0007906160689266173,
          0.0007906160689266173,
          0.0007906160689266173,
          0.0007906160689266173,
          0.0007906160689266173,
          0.0007906160689266173,
          0.0007906160689266173,
          0.0007906160689266173,
          0.0007906160689266173,
          0.0007906160689266173,
          0.0007906160689266173,
          0.0007906160689266173,
          0.0007906160689266173,
          0.0007906160689266173,
          0.0007906160689266173,
          0.0007906160689266173,
          0.0007906160689266173,
          0.0007906160689266173,
          0.0007906160689266173,
          0.0007906160689266173,
          0.0007906160689266173,
          0.0007906160689266173,
          0.0007906160689266173,
          0.0007906160689266173,
          0.0007906160689266173
        ]
      },
      "initial": {
        "frequencies_Hz": [
          196078431372549.0,
          195963487145130.0,
          195848677602946.0,
          195734002509410.0,
          195619461628490.0,
          195505054724705.0,
          195390781563126.0,
          195276641909372.0,
          195162635529608.0,
          195048762190548.0,
          194935021659447.0,
          194821413704105.0,
          194707938092861.0,
          194594594594595.0,
          194481382978723.0,
          194368303015201.0,
          194255354474514.0,
          194142537127686.0,
          194029850746269.0,
          193917295102345.0,
          193804869968527.0,
          193692575117954.0,
          193580410324289.0,
          193468375361720.0,
          193356470004958.0,
          193244694029234.0,
          193133047210300.0,
          193021529324425.0,
          192910140148392.0,
          192798879459504.0,
          192687747035573.0,
          192576742654926.0,
          192465866096397.0,
          192355117139334.0,
          192244495563589.0,
          192134001149520.0,
          192023633677991.0,
          191913392930370.0,
          191803278688525.0,
          191693290734824.0
        ],
        "values_mW": [
          0.002300425001477826,
          0.0023590109483792123,
          0.002396160867725084,
          0.0024058770066539355,
          0.002381753498484154,
          0.0023294026730313437,
          0.002258267249510944,
          0.0021835703565401946,
          0.0021094424643431624,
          0.00204453682185228,
          0.0019896328469833956,
          0.0019440679730164335,
          0.0019071792581087641,
          0.0018766627114619372,
          0.0018473635442475802,
          0.0018175309344621836,
          0.001793240587222048,
          0.0017738635560957396,
          0.0017592618271355218,
          0.0017517029061763089,
          0.0017517023626528138,
          0.0017563614552636537,
          0.0017596334787154623,
          0.0017524415916296736,
          0.0017252529463760381,
          0.0016707486179615557,
          0.0015954072677334579,
          0.001510954761456335,
          0.0014277523487938651,
          0.0013532791246460363,
          0.0012900656299255965,
          0.0012340324466357598,
          0.0011800129347865989,
          0.0011212094726740917,
          0.0010553336026795006,
          0.0009815363218603284,
          0.0009029298699991584,
          0.0008261861135755146,
          0.0007554078892450328,
          0.0006926034265552236
        ]
      },
      "bern": {
        "frequencies_Hz": [
          196078431372549.0,
          195963487145130.0,
          195848677602946.0,
          195734002509410.0,
          195619461628490.0,
          195505054724705.0,
          195390781563126.0,
          195276641909372.0,
          195162635529608.0,
          195048762190548.0,
          194935021659447.0,
          194821413704105.0,
          194707938092861.0,
          194594594594595.0,
          194481382978723.0,
          194368303015201.0,
          194255354474514.0,
          194142537127686.0,
          194029850746269.0,
          193917295102345.0,
          193804869968527.0,
          193692575117954.0,
          193580410324289.0,
          193468375361720.0,
          193356470004958.0,
          193244694029234.0,
          193133047210300.0,
          193021529324425.0,
          192910140148392.0,
          192798879459504.0,
          192687747035573.0,
          192576742654926.0,
          192465866096397.0,
          192355117139334.0,
          192244495563589.0,
          192134001149520.0,
          192023633677991.0,
          191913392930370.0,
          191803278688525.0,
          191693290734824.0
        ],
        "values_mW": [
          0.002520549084534137,
          0.0025494481463508786,
          0.002537014408700659,
          0.0024916082836972976,
          0.0024143644735526177,
          0.0023267505002449117,
          0.0022354857903633444,
          0.0021501649458070754,
          0.0020733854205794602,
          0.0020107403191714068,
          0.0019615337905759633,
          0.001918354003431733,
          0.001880763488634933,
          0.0018449884663529462,
          0.0018135638258961828,
          0.0017851463931612928,
          0.0017651614168584572,
          0.0017544975683211166,
          0.0017538425362761507,
          0.001762887779915914,
          0.0017736975674134037,
          0.0017776196845824398,
          0.0017619174580232582,
          0.0017194599023357155,
          0.0016507394007289405,
          0.0015637796170758713,
          0.0014691427471062047,
          0.0013776665001154073,
          0.001296546153257706,
          0.0012290487636135976,
          0.0011720173073566026,
          0.0011221422509463267,
          0.001074866683027954,
          0.0010235744461363498,
          0.0009648401708512454,
          0.0009002333314664916,
          0.0008346797215033963,
          0.0007712354141772098,
          0.0007121055211340899,
          0.0006594159938257393
        ]
      },
      "gd": {
        "frequencies_Hz": [
          196078431372549.0,
          195963487145130.0,
          195848677602946.0,
          195734002509410.0,
          195619461628490.0,
          195505054724705.0,
          195390781563126.0,
          195276641909372.0,
          195162635529608.0,
          195048762190548.0,
          194935021659447.0,
          194821413704105.0,
          194707938092861.0,
          194594594594595.0,
          194481382978723.0,
          194368303015201.0,
          194255354474514.0,
          194142537127686.0,
          194029850746269.0,
          193917295102345.0,
          193804869968527.0,
          193692575117954.0,
          193580410324289.0,
          193468375361720.0,
          193356470004958.0,
          193244694029234.0,
          193133047210300.0,
          193021529324425.0,
          192910140148392.0,
          192798879459504.0,
          192687747035573.0,
          192576742654926.0,
          192465866096397.0,
          192355117139334.0,
          192244495563589.0,
          192134001149520.0,
          192023633677991.0,
          191913392930370.0,
          191803278688525.0,
          191693290734824.0
        ],
        "values_mW": [
          0.0009691923550445113,
          0.0009849162152975961,
          0.001000349729592695,
          0.00100938873006746,
          0.0010080838752266335,
          0.0009931243216774461,
          0.0009680431497515753,
          0.0009359583329970689,
          0.0009014110953457027,
          0.000866104788855427,
          0.0008342524435433259,
          0.0008065634901743841,
          0.0007840611658844958,
          0.0007662682365916561,
          0.0007522640490988182,
          0.0007402777163166214,
          0.000730388156178035,
          0.0007233132154703781,
          0.0007195712030185607,
          0.0007180997594189286,
          0.0007180995668512769,
          0.0007191748563917978,
          0.0007199359789521781,
          0.0007186992943646009,
          0.0007137398738051174,
          0.0007053699635421905,
          0.0006932435365394167,
          0.0006791560405103687,
          0.0006642558273668039,
          0.000650161981294699,
          0.0006379669056143017,
          0.0006273924134782166,
          0.0006177025548518742,
          0.0006078844047680441,
          0.0005973032286646417,
          0.000586237649237875,
          0.0005754163857987318,
          0.000564835676695439,
          0.0005533182797931458,
          0.0005395306082262371
        ]
      }
    }
  },
  {
    "spectra": {
      "target": {
        "frequencies_Hz": [
          196078431372549.0,
          195963487145130.0,
          195848677602946.0,
          195734002509410.0,
          195619461628490.0,
          195505054724705.0,
          195390781563126.0,
          195276641909372.0,
          195162635529608.0,
          195048762190548.0,
          194935021659447.0,
          194821413704105.0,
          194707938092861.0,
          194594594594595.0,
          194481382978723.0,
          194368303015201.0,
          194255354474514.0,
          194142537127686.0,
          194029850746269.0,
          193917295102345.0,
          193804869968527.0,
          193692575117954.0,
          193580410324289.0,
          193468375361720.0,
          193356470004958.0,
          193244694029234.0,
          193133047210300.0,
          193021529324425.0,
          192910140148392.0,
          192798879459504.0,
          192687747035573.0,
          192576742654926.0,
          192465866096397.0,
          192355117139334.0,
          192244495563589.0,
          192134001149520.0,
          192023633677991.0,
          191913392930370.0,
          191803278688525.0,
          191693290734824.0
        ],
        "values_mW": [
          0.001253042025492162,
          0.001253042025492162,
          0.001253042025492162,
          0.001253042025492162,
          0.001253042025492162,
          0.001253042025492162,
          0.001253042025492162,
          0.001253042025492162,
          0.001253042025492162,
          0.001253042025492162,
          0.001253042025492162,
          0.001253042025492162,
          0.001253042025492162,
          0.001253042025492162,
          0.001253042025492162,
          0.001253042025492162,
          0.001253042025492162,
          0.001253042025492162,
          0.001253042025492162,
          0.001253042025492162,
          0.001253042025492162,
          0.001253042025492162,
          0.001253042025492162,
          0.001253042025492162,
          0.001253042025492162,
          0.001253042025492162,
          0.001253042025492162,
          0.001253042025492162,
          0.001253042025492162,
          0.001253042025492162,
          0.001253042025492162,
          0.001253042025492162,
          0.001253042025492162,
          0.001253042025492162,
          0.001253042025492162,
          0.001253042025492162,
          0.001253042025492162,
          0.001253042025492162,
          0.001253042025492162,
          0.001253042025492162
        ]
      },
      "initial": {
        "frequencies_Hz": [
          196078431372549.0,
          195963487145130.0,
          195848677602946.0,
          195734002509410.0,
          195619461628490.0,
          195505054724705.0,
          195390781563126.0,
          195276641909372.0,
          195162635529608.0,
          195048762190548.0,
          194935021659447.0,
          194821413704105.0,
          194707938092861.0,
          194594594594595.0,
          194481382978723.0,
          194368303015201.0,
          194255354474514.0,
          194142537127686.0,
          194029850746269.0,
          193917295102345.0,
          193804869968527.0,
          193692575117954.0,
          193580410324289.0,
          193468375361720.0,
          193356470004958.0,
          193244694029234.0,
          193133047210300.0,
          193021529324425.0,
          192910140148392.0,
          192798879459504.0,
          192687747035573.0,
          192576742654926.0,
          192465866096397.0,
          192355117139334.0,
          192244495563589.0,
          192134001149520.0,
          192023633677991.0,
          191913392930370.0,
          191803278688525.0,
          191693290734824.0
        ],
        "values_mW": [
          0.0026434868965066315,
          0.0027270691425936985,
          0.002795900452069894,
          0.002835833674597823,
          0.002834093813851856,
          0.0027909188653048715,
          0.002718451686439749,
          0.0026270781382417303,
          0.002534235393355659,
          0.0024471495129047547,
          0.0023719445782106096,
          0.0023119844317571934,
          0.002264228960316063,
          0.002226063431046832,
          0.0021908192315975763,
          0.002157684785903485,
          0.002123526195483711,
          0.0020961732063068833,
          0.0020720798591390157,
          0.002052594716910114,
          0.0020415115959435256,
          0.0020399912777757673,
          0.0020461700455321526,
          0.0020511051175626893,
          0.0020465783143595565,
          0.002018008741246242,
          0.0019585126255367933,
          0.0018721219295505848,
          0.0017718929042086274,
          0.0016700129805343746,
          0.001577173533109803,
          0.001495062226436557,
          0.0014207962214395397,
          0.0013470928689199677,
          0.0012684383545490082,
          0.0011820655364719165,
          0.0010892416131370183,
          0.000992942072452332,
          0.000900905080620288,
          0.0008173903026362282
        ]
      },
      "bern": {
        "frequencies_Hz": [
          196078431372549.0,
          195963487145130.0,
          195848677602946.0,
          195734002509410.0,
          195619461628490.0,
          195505054724705.0,
          195390781563126.0,
          195276641909372.0,
          195162635529608.0,
          195048762190548.0,
          194935021659447.0,
          194821413704105.0,
          194707938092861.0,
          194594594594595.0,
          194481382978723.0,
          194368303015201.0,
          194255354474514.0,
          194142537127686.0,
          194029850746269.0,
          193917295102345.0,
          193804869968527.0,
          193692575117954.0,
          193580410324289.0,
          193468375361720.0,
          193356470004958.0,
          193244694029234.0,
          193133047210300.0,
          193021529324425.0,
          192910140148392.0,
          192798879459504.0,
          192687747035573.0,
          192576742654926.0,
          192465866096397.0,
          192355117139334.0,
          192244495563589.0,
          192134001149520.0,
          192023633677991.0,
          191913392930370.0,
          191803278688525.0,
          191693290734824.0
        ],
        "values_mW": [
          0.0029782946954667743,
          0.00307033679731427,
          0.003164207395821663,
          0.0032499738799316533,
          0.0032998946972888406,
          0.003290565666128095,
          0.003230441027771795,
          0.0031293551260807503,
          0.003000470917397018,
          0.0028612620414482344,
          0.0027263858553999154,
          0.00260386432453846,
          0.0024958039197174086,
          0.0024090831518940314,
          0.002338808130425856,
          0.0022790880151901303,
          0.002223972113172639,
          0.002183098101137354,
          0.0021564370355609975,
          0.0021428395773699207,
          0.002139185605233776,
          0.0021385253387492466,
          0.0021334119717548038,
          0.002106547453837132,
          0.0020534208454518737,
          0.0019698447455093974,
          0.001864935938971681,
          0.0017509677211857424,
          0.0016405977983655557,
          0.0015434615358858733,
          0.0014679697826388248,
          0.0014131246348776832,
          0.0013712911418394891,
          0.0013283323864989414,
          0.0012727169800065415,
          0.0011966642101025955,
          0.0011049708249184671,
          0.0010071590727413944,
          0.0009129148856778608,
          0.0008264945466174828
        ]
      },
      "gd": {
        "frequencies_Hz": [
          196078431372549.0,
          195963487145130.0,
          195848677602946.0,
          195734002509410.0,
          195619461628490.0,
          195505054724705.0,
          195390781563126.0,
          195276641909372.0,
          195162635529608.0,
          195048762190548.0,
          194935021659447.0,
          194821413704105.0,
          194707938092861.0,
          194594594594595.0,
          194481382978723.0,
          194368303015201.0,
          194255354474514.0,
          194142537127686.0,
          194029850746269.0,
          193917295102345.0,
          193804869968527.0,
          193692575117954.0,
          193580410324289.0,
          193468375361720.0,
          193356470004958.0,
          193244694029234.0,
          193133047210300.0,
          193021529324425.0,
          192910140148392.0,
          192798879459504.0,
          192687747035573.0,
          192576742654926.0,
          192465866096397.0,
          192355117139334.0,
          192244495563589.0,
          192134001149520.0,
          192023633677991.0,
          191913392930370.0,
          191803278688525.0,
          191693290734824.0
        ],
        "values_mW": [
          0.0009978489481906505,
          0.0010151479617696196,
          0.0010267534699918432,
          0.0010293729453906475,
          0.0010182244506154552,
          0.000996674812717819,
          0.0009661537084759912,
          0.0009313155856160657,
          0.0008954095425010615,
          0.000862910970991173,
          0.0008343988240636375,
          0.0008114036263135375,
          0.000793377771882919,
          0.0007793143207504955,
          0.0007675206166042955,
          0.000757046905484684,
          0.0007486741684301578,
          0.000742545356419587,
          0.0007378495541210655,
          0.0007356369537431561,
          0.0007357478837215108,
          0.0007379504995481654,
          0.0007411171028702629,
          0.0007445685001738417,
          0.0007459399030760038,
          0.000742967747105295,
          0.0007357931338601994,
          0.0007244179988806548,
          0.0007109022798959818,
          0.0006964552754986005,
          0.0006823303471381074,
          0.000667920852631102,
          0.0006522492971831335,
          0.000635363635321517,
          0.0006180908824795373,
          0.0006015134871493865,
          0.0005864924534197724,
          0.000573983989795985,
          0.0005632682095034632,
          0.000552993973046368
        ]
      }
    }
  },
  {
    "spectra": {
      "target": {
        "frequencies_Hz": [
          196078431372549.0,
          195963487145130.0,
          195848677602946.0,
          195734002509410.0,
          195619461628490.0,
          195505054724705.0,
          195390781563126.0,
          195276641909372.0,
          195162635529608.0,
          195048762190548.0,
          194935021659447.0,
          194821413704105.0,
          194707938092861.0,
          194594594594595.0,
          194481382978723.0,
          194368303015201.0,
          194255354474514.0,
          194142537127686.0,
          194029850746269.0,
          193917295102345.0,
          193804869968527.0,
          193692575117954.0,
          193580410324289.0,
          193468375361720.0,
          193356470004958.0,
          193244694029234.0,
          193133047210300.0,
          193021529324425.0,
          192910140148392.0,
          192798879459504.0,
          192687747035573.0,
          192576742654926.0,
          192465866096397.0,
          192355117139334.0,
          192244495563589.0,
          192134001149520.0,
          192023633677991.0,
          191913392930370.0,
          191803278688525.0,
          191693290734824.0
        ],
        "values_mW": [
          0.001985937776070213,
          0.001985937776070213,
          0.001985937776070213,
          0.001985937776070213,
          0.001985937776070213,
          0.001985937776070213,
          0.001985937776070213,
          0.001985937776070213,
          0.001985937776070213,
          0.001985937776070213,
          0.001985937776070213,
          0.001985937776070213,
          0.001985937776070213,
          0.001985937776070213,
          0.001985937776070213,
          0.001985937776070213,
          0.001985937776070213,
          0.001985937776070213,
          0.001985937776070213,
          0.001985937776070213,
          0.001985937776070213,
          0.001985937776070213,
          0.001985937776070213,
          0.001985937776070213,
          0.001985937776070213,
          0.001985937776070213,
          0.001985937776070213,
          0.001985937776070213,
          0.001985937776070213,
          0.001985937776070213,
          0.001985937776070213,
          0.001985937776070213,
          0.001985937776070213,
          0.001985937776070213,
          0.001985937776070213,
          0.001985937776070213,
          0.001985937776070213,
          0.001985937776070213,
          0.001985937776070213,
          0.001985937776070213
        ]
      },
      "initial": {
        "frequencies_Hz": [
          196078431372549.0,
          195963487145130.0,
          195848677602946.0,
          195734002509410.0,
          195619461628490.0,
          195505054724705.0,
          195390781563126.0,
          195276641909372.0,
          195162635529608.0,
          195048762190548.0,
          194935021659447.0,
          194821413704105.0,
          194707938092861.0,
          194594594594595.0,
          194481382978723.0,
          194368303015201.0,
          194255354474514.0,
          194142537127686.0,
          194029850746269.0,
          193917295102345.0,
          193804869968527.0,
          193692575117954.0,
          193580410324289.0,
          193468375361720.0,
          193356470004958.0,
          193244694029234.0,
          193133047210300.0,
          193021529324425.0,
          192910140148392.0,
          192798879459504.0,
          192687747035573.0,
          192576742654926.0,
          192465866096397.0,
          192355117139334.0,
          192244495563589.0,
          192134001149520.0,
          192023633677991.0,
          191913392930370.0,
          191803278688525.0,
          191693290734824.0
        ],
        "values_mW": [
          0.003269600622650121,
          0.003393690347883364,
          0.0035153027371851667,
          0.003619268776468412,
          0.0036837971185419683,
          0.0036926065320617694,
          0.0036411932820866735,
          0.0035446261391128093,
          0.0034224933196505946,
          0.0032901243571053836,
          0.0031687954505544994,
          0.0030660151687381568,
          0.0029850697898316926,
          0.0029233851399966013,
          0.002875711658686041,
          0.002835073570513301,
          0.0027937018804034494,
          0.0027509119930117752,
          0.002715369747098831,
          0.002681306095096403,
          0.0026489846907933328,
          0.002622643891227896,
          0.002608689369919333,
          0.0026071978203675776,
          0.002615201282554634,
          0.002623985583685891,
          0.002613863305663512,
          0.0025700516985604554,
          0.0024813511561092823,
          0.0023613806838554204,
          0.0022251651774452415,
          0.002091993995245459,
          0.001966974896961039,
          0.00184834949106698,
          0.0017336339456238115,
          0.0016142028224647104,
          0.0014873656583811283,
          0.0013541024772846444,
          0.0012218857965417078,
          0.0010938756573052428
        ]
      },
      "bern": {
        "frequencies_Hz": [
          196078431372549.0,
          195963487145130.0,
          195848677602946.0,
          195734002509410.0,
          195619461628490.0,
          195505054724705.0,
          195390781563126.0,
          195276641909372.0,
          195162635529608.0,
          195048762190548.0,
          194935021659447.0,
          194821413704105.0,
          194707938092861.0,
          194594594594595.0,
          194481382978723.0,
          194368303015201.0,
          194255354474514.0,
          194142537127686.0,
          194029850746269.0,
          193917295102345.0,
          193804869968527.0,
          193692575117954.0,
          193580410324289.0,
          193468375361720.0,
          193356470004958.0,
          193244694029234.0,
          193133047210300.0,
          193021529324425.0,
          192910140148392.0,
          192798879459504.0,
          192687747035573.0,
          192576742654926.0,
          192465866096397.0,
          192355117139334.0,
          192244495563589.0,
          192134001149520.0,
          192023633677991.0,
          191913392930370.0,
          191803278688525.0,
          191693290734824.0
        ],
        "values_mW": [
          0.0033927904065815255,
          0.00352195640680299,
          0.0036538420272652665,
          0.0037736085848033805,
          0.0038553611828813627,
          0.0038846743364820044,
          0.0038490603271820077,
          0.0037609028691909857,
          0.003637710369846543,
          0.0034959732218834633,
          0.0033606232021121843,
          0.0032452219156623636,
          0.0031519327135427913,
          0.0030793329100642303,
          0.003022286637418064,
          0.0029777776438322176,
          0.0029330779418335947,
          0.002888616117102798,
          0.002850727122883617,
          0.002817491026264029,
          0.0027851765202906546,
          0.0027573969392504314,
          0.0027407364352093812,
          0.002735633819586544,
          0.002741219738846598,
          0.002747348498039674,
          0.0027374516890331115,
          0.002693769286935653,
          0.0026056675620961603,
          0.0024851177886072583,
          0.002349191746564414,
          0.002214699735699138,
          0.0020918351521241304,
          0.0019758125428452067,
          0.001863094975156509,
          0.0017424108277816226,
          0.001612304810008567,
          0.0014678106381814397,
          0.001321618345063215,
          0.0011783072970047788
        ]
      },
      "gd": {
        "frequencies_Hz": [
          196078431372549.0,
          195963487145130.0,
          195848677602946.0,
          195734002509410.0,
          195619461628490.0,
          195505054724705.0,
          195390781563126.0,
          195276641909372.0,
          195162635529608.0,
          195048762190548.0,
          194935021659447.0,
          194821413704105.0,
          194707938092861.0,
          194594594594595.0,
          194481382978723.0,
          194368303015201.0,
          194255354474514.0,
          194142537127686.0,
          194029850746269.0,
          193917295102345.0,
          193804869968527.0,
          193692575117954.0,
          193580410324289.0,
          193468375361720.0,
          193356470004958.0,
          193244694029234.0,
          193133047210300.0,
          193021529324425.0,
          192910140148392.0,
          192798879459504.0,
          192687747035573.0,
          192576742654926.0,
          192465866096397.0,
          192355117139334.0,
          192244495563589.0,
          192134001149520.0,
          192023633677991.0,
          191913392930370.0,
          191803278688525.0,
          191693290734824.0
        ],
        "values_mW": [
          0.0010512978045334044,
          0.0010589506229073734,
          0.0010539342035657305,
          0.0010356187788088513,
          0.0010062243042537227,
          0.0009708629111788308,
          0.0009346421345716355,
          0.0008998451879899918,
          0.0008699282089542425,
          0.0008451618171499568,
          0.0008262886327409566,
          0.0008132722024516534,
          0.0008036734152427981,
          0.0007949828663220448,
          0.0007876417628669605,
          0.0007821261297760473,
          0.0007773246752915241,
          0.000772901102289403,
          0.0007693569135613877,
          0.0007673335088275167,
          0.0007673026882609182,
          0.000770772395230089,
          0.0007773990676233405,
          0.0007855324313697959,
          0.0007934273633062737,
          0.0007991883068833618,
          0.000800714155815816,
          0.0007972944182735127,
          0.0007895860749317042,
          0.0007767672109135032,
          0.0007582502395707966,
          0.0007341764467934861,
          0.0007072277779502473,
          0.0006789109781333207,
          0.000651615736311931,
          0.0006269524804478397,
          0.000605812200959288,
          0.0005884066217715814,
          0.000575229945118143,
          0.000566277614761001
        ]
      }
    }
  },
  {
    "spectra": {
      "target": {
        "frequencies_Hz": [
          196078431372549.0,
          195963487145130.0,
          195848677602946.0,
          195734002509410.0,
          195619461628490.0,
          195505054724705.0,
          195390781563126.0,
          195276641909372.0,
          195162635529608.0,
          195048762190548.0,
          194935021659447.0,
          194821413704105.0,
          194707938092861.0,
          194594594594595.0,
          194481382978723.0,
          194368303015201.0,
          194255354474514.0,
          194142537127686.0,
          194029850746269.0,
          193917295102345.0,
          193804869968527.0,
          193692575117954.0,
          193580410324289.0,
          193468375361720.0,
          193356470004958.0,
          193244694029234.0,
          193133047210300.0,
          193021529324425.0,
          192910140148392.0,
          192798879459504.0,
          192687747035573.0,
          192576742654926.0,
          192465866096397.0,
          192355117139334.0,
          192244495563589.0,
          192134001149520.0,
          192023633677991.0,
          191913392930370.0,
          191803278688525.0,
          191693290734824.0
        ],
        "values_mW": [
          0.001985937776070213,
          0.001985937776070213,
          0.001985937776070213,
          0.001985937776070213,
          0.001985937776070213,
          0.001985937776070213,
          0.001985937776070213,
          0.001985937776070213,
          0.001985937776070213,
          0.001985937776070213,
          0.001985937776070213,
          0.001985937776070213,
          0.001985937776070213,
          0.001985937776070213,
          0.001985937776070213,
          0.001985937776070213,
          0.001985937776070213,
          0.001985937776070213,
          0.001985937776070213,
          0.001985937776070213,
          0.001985937776070213,
          0.001985937776070213,
          0.001985937776070213,
          0.001985937776070213,
          0.001985937776070213,
          0.001985937776070213,
          0.001985937776070213,
          0.001985937776070213,
          0.001985937776070213,
          0.001985937776070213,
          0.001985937776070213,
          0.001985937776070213,
          0.001985937776070213,
          0.001985937776070213,
          0.001985937776070213,
          0.001985937776070213,
          0.001985937776070213,
          0.001985937776070213,
          0.001985937776070213,
          0.001985937776070213
        ]
      },
      "initial": {
        "frequencies_Hz": [
          196078431372549.0,
          195963487145130.0,
          195848677602946.0,
          195734002509410.0,
          195619461628490.0,
          195505054724705.0,
          195390781563126.0,
          195276641909372.0,
          195162635529608.0,
          195048762190548.0,
          194935021659447.0,
          194821413704105.0,
          194707938092861.0,
          194594594594595.0,
          194481382978723.0,
          194368303015201.0,
          194255354474514.0,
          194142537127686.0,
          194029850746269.0,
          193917295102345.0,
          193804869968527.0,
          193692575117954.0,
          193580410324289.0,
          193468375361720.0,
          193356470004958.0,
          193244694029234.0,
          193133047210300.0,
          193021529324425.0,
          192910140148392.0,
          192798879459504.0,
          192687747035573.0,
          192576742654926.0,
          192465866096397.0,
          192355117139334.0,
          192244495563589.0,
          192134001149520.0,
          192023633677991.0,
          191913392930370.0,
          191803278688525.0,
          191693290734824.0
        ],
        "values_mW": [
          0.0030925446203920385,
          0.003176905159289564,
          0.0032599519507605194,
          0.0033318365699940467,
          0.0034000389408415767,
          0.0034729324351535132,
          0.003557268945919243,
          0.003653102509944676,
          0.0037635468076599975,
          0.003892536517446592,
          0.004031784897863741,
          0.004145599858110153,
          0.004210661399032028,
          0.004202381640879392,
          0.004121992682708033,
          0.003981388469511748,
          0.0038168620556744796,
          0.0036454152852394652,
          0.0034804812724274626,
          0.0033324388290495834,
          0.0032073012210981963,
          0.0031066209432817956,
          0.003022912663125273,
          0.0029527579766196466,
          0.002888780023147476,
          0.002831214222734807,
          0.0027818751902494135,
          0.0027399424055107036,
          0.0027064598946241404,
          0.0026835287589497014,
          0.0026691808447167897,
          0.0026554205170115637,
          0.0026303841108035178,
          0.0025783234626115285,
          0.0024932168652303955,
          0.0023813036775152388,
          0.002258907123541428,
          0.002139182661211339,
          0.0020312999303477414,
          0.0019347702931997823
        ]
      },
      "bern": {
        "frequencies_Hz": [
          196078431372549.0,
          195963487145130.0,
          195848677602946.0,
          195734002509410.0,
          195619461628490.0,
          195505054724705.0,
          195390781563126.0,
          195276641909372.0,
          195162635529608.0,
          195048762190548.0,
          194935021659447.0,
          194821413704105.0,
          194707938092861.0,
          194594594594595.0,
          194481382978723.0,
          194368303015201.0,
          194255354474514.0,
          194142537127686.0,
          194029850746269.0,
          193917295102345.0,
          193804869968527.0,
          193692575117954.0,
          193580410324289.0,
          193468375361720.0,
          193356470004958.0,
          193244694029234.0,
          193133047210300.0,
          193021529324425.0,
          192910140148392.0,
          192798879459504.0,
          192687747035573.0,
          192576742654926.0,
          192465866096397.0,
          192355117139334.0,
          192244495563589.0,
          192134001149520.0,
          192023633677991.0,
          191913392930370.0,
          191803278688525.0,
          191693290734824.0
        ],
        "values_mW": [
          0.0026916576319728934,
          0.002780280562330737,
          0.0028599198366893045,
          0.0029394275504983657,
          0.003019060862297772,
          0.003099117025563382,
          0.0031737340677362247,
          0.0032457705488622077,
          0.0033250771345325184,
          0.0034272828234032803,
          0.0035441799786196156,
          0.0036629870163686572,
          0.003771612707474995,
          0.0038472284005138736,
          0.0038676640018621257,
          0.0038296396616355056,
          0.003752990963541027,
          0.003643258598705122,
          0.0035145043844833886,
          0.0033867726536330545,
          0.003269882333608925,
          0.003164763270260905,
          0.0030764172099648403,
          0.003010495547536982,
          0.002955659536596142,
          0.0029004277588126574,
          0.002848574342476841,
          0.0027997605722220225,
          0.0027584522395739173,
          0.0027212675373073,
          0.0026893071681348885,
          0.0026552578785038034,
          0.0026095830264812074,
          0.0025487732463785615,
          0.0024703375662242363,
          0.0023853664941084498,
          0.0022995022693549586,
          0.002217728383432876,
          0.0021364446411590845,
          0.002048444332430297
        ]
      },
      "gd": {
        "frequencies_Hz": [
          196078431372549.0,
          195963487145130.0,
          195848677602946.0,
          195734002509410.0,
          195619461628490.0,
          195505054724705.0,
          195390781563126.0,
          195276641909372.0,
          195162635529608.0,
          195048762190548.0,
          194935021659447.0,
          194821413704105.0,
          194707938092861.0,
          194594594594595.0,
          194481382978723.0,
          194368303015201.0,
          194255354474514.0,
          194142537127686.0,
          194029850746269.0,
          193917295102345.0,
          193804869968527.0,
          193692575117954.0,
          193580410324289.0,
          193468375361720.0,
          193356470004958.0,
          193244694029234.0,
          193133047210300.0,
          193021529324425.0,
          192910140148392.0,
          192798879459504.0,
          192687747035573.0,
          192576742654926.0,
          192465866096397.0,
          192355117139334.0,
          192244495563589.0,
          192134001149520.0,
          192023633677991.0,
          191913392930370.0,
          191803278688525.0,
          191693290734824.0
        ],
        "values_mW": [
          0.0009627582608744609,
          0.0009762235479095965,
          0.0009838962792048836,
          0.0009828975671641732,
          0.0009730469352182878,
          0.0009574471448522402,
          0.0009381289428563517,
          0.000917622427962905,
          0.0008984858292638297,
          0.0008832900640328564,
          0.0008718046485862617,
          0.0008643409631169837,
          0.000859109205526166,
          0.0008552381991329217,
          0.0008519673715513185,
          0.0008488930326271962,
          0.0008456946789297192,
          0.0008418100099035771,
          0.0008376793103047838,
          0.0008347805088202261,
          0.0008334283905944589,
          0.0008353677836338951,
          0.0008413596242288956,
          0.0008509239180692352,
          0.0008613654214784201,
          0.0008697215032480443,
          0.0008723277953464062,
          0.0008661853461839284,
          0.0008517344974407323,
          0.0008306095873856222,
          0.0008043653934759889,
          0.0007740468383075445,
          0.0007422221816338637,
          0.0007116107729354698,
          0.0006830970376302336,
          0.0006580937406735956,
          0.0006365470549079402,
          0.0006179652925792584,
          0.0006007999804306483,
          0.0005858616053544141
        ]
      }
    }
  },
  {
    "spectra": {
      "target": {
        "frequencies_Hz": [
          196078431372549.0,
          195963487145130.0,
          195848677602946.0,
          195734002509410.0,
          195619461628490.0,
          195505054724705.0,
          195390781563126.0,
          195276641909372.0,
          195162635529608.0,
          195048762190548.0,
          194935021659447.0,
          194821413704105.0,
          194707938092861.0,
          194594594594595.0,
          194481382978723.0,
          194368303015201.0,
          194255354474514.0,
          194142537127686.0,
          194029850746269.0,
          193917295102345.0,
          193804869968527.0,
          193692575117954.0,
          193580410324289.0,
          193468375361720.0,
          193356470004958.0,
          193244694029234.0,
          193133047210300.0,
          193021529324425.0,
          192910140148392.0,
          192798879459504.0,
          192687747035573.0,
          192576742654926.0,
          192465866096397.0,
          192355117139334.0,
          192244495563589.0,
          192134001149520.0,
          192023633677991.0,
          191913392930370.0,
          191803278688525.0,
          191693290734824.0
        ],
        "values_mW": [
          0.001985937776070213,
          0.001985937776070213,
          0.001985937776070213,
          0.001985937776070213,
          0.001985937776070213,
          0.001985937776070213,
          0.001985937776070213,
          0.001985937776070213,
          0.001985937776070213,
          0.001985937776070213,
          0.001985937776070213,
          0.001985937776070213,
          0.001985937776070213,
          0.001985937776070213,
          0.001985937776070213,
          0.001985937776070213,
          0.001985937776070213,
          0.001985937776070213,
          0.001985937776070213,
          0.001985937776070213,
          0.001985937776070213,
          0.001985937776070213,
          0.001985937776070213,
          0.001985937776070213,
          0.001985937776070213,
          0.001985937776070213,
          0.001985937776070213,
          0.001985937776070213,
          0.001985937776070213,
          0.001985937776070213,
          0.001985937776070213,
          0.001985937776070213,
          0.001985937776070213,
          0.001985937776070213,
          0.001985937776070213,
          0.001985937776070213,
          0.001985937776070213,
          0.001985937776070213,
          0.001985937776070213,
          0.001985937776070213
        ]
      },
      "initial": {
        "frequencies_Hz": [
          196078431372549.0,
          195963487145130.0,
          195848677602946.0,
          195734002509410.0,
          195619461628490.0,
          195505054724705.0,
          195390781563126.0,
          195276641909372.0,
          195162635529608.0,
          195048762190548.0,
          194935021659447.0,
          194821413704105.0,
          194707938092861.0,
          194594594594595.0,
          194481382978723.0,
          194368303015201.0,
          194255354474514.0,
          194142537127686.0,
          194029850746269.0,
          193917295102345.0,
          193804869968527.0,
          193692575117954.0,
          193580410324289.0,
          193468375361720.0,
          193356470004958.0,
          193244694029234.0,
          193133047210300.0,
          193021529324425.0,
          192910140148392.0,
          192798879459504.0,
          192687747035573.0,
          192576742654926.0,
          192465866096397.0,
          192355117139334.0,
          192244495563589.0,
          192134001149520.0,
          192023633677991.0,
          191913392930370.0,
          191803278688525.0,
          191693290734824.0
        ],
        "values_mW": [
          0.0025378784140172375,
          0.0026133708686782702,
          0.00269496248607524,
          0.0027631640649442035,
          0.002807800489467591,
          0.002814352825262696,
          0.0027784543303846876,
          0.002700645942009389,
          0.0026016374496855873,
          0.002493900838404026,
          0.002390907286422853,
          0.002297450777408814,
          0.0022149506071120592,
          0.002146384223255432,
          0.002088765951272786,
          0.0020403959801470898,
          0.00199389169697239,
          0.0019529910745253655,
          0.001918962862158993,
          0.0018939718086060167,
          0.0018817572404431348,
          0.0018836385354338637,
          0.0018965437928679199,
          0.0019142428793332588,
          0.0019275048010705363,
          0.0019196399154214907,
          0.0018794745877996218,
          0.0018073090632843795,
          0.0017111906009581676,
          0.0016022066680792151,
          0.0014935508040613043,
          0.001393429510615857,
          0.0013056016672264728,
          0.0012263680890962528,
          0.0011562881376622086,
          0.0010946399294820752,
          0.0010417973775977494,
          0.0009951657120354936,
          0.0009566320256790958,
          0.0009240095861419862
        ]
      },
      "bern": {
        "frequencies_Hz": [
          196078431372549.0,
          195963487145130.0,
          195848677602946.0,
          195734002509410.0,
          195619461628490.0,
          195505054724705.0,
          195390781563126.0,
          195276641909372.0,
          195162635529608.0,
          195048762190548.0,
          194935021659447.0,
          194821413704105.0,
          194707938092861.0,
          194594594594595.0,
          194481382978723.0,
          194368303015201.0,
          194255354474514.0,
          194142537127686.0,
          194029850746269.0,
          193917295102345.0,
          193804869968527.0,
          193692575117954.0,
          193580410324289.0,
          193468375361720.0,
          193356470004958.0,
          193244694029234.0,
          193133047210300.0,
          193021529324425.0,
          192910140148392.0,
          192798879459504.0,
          192687747035573.0,
          192576742654926.0,
          192465866096397.0,
          192355117139334.0,
          192244495563589.0,
          192134001149520.0,
          192023633677991.0,
          191913392930370.0,
          191803278688525.0,
          191693290734824.0
        ],
        "values_mW": [
          0.003273070678364688,
          0.0033531449862959557,
          0.0033848526946209934,
          0.0033359783919036687,
          0.0032189653292347287,
          0.003060754442826115,
          0.0028872685152929248,
          0.002714483308710786,
          0.0025591060668176116,
          0.0024277786864897112,
          0.002327328976665923,
          0.0022559744037548755,
          0.0022047055139468295,
          0.0021613783468983822,
          0.0021211054572792976,
          0.002087026760526702,
          0.002059041750484358,
          0.002031846447106967,
          0.0020069405698542146,
          0.0019875668605825046,
          0.001977196323447816,
          0.001981463412297241,
          0.002002451076987,
          0.002037331039038847,
          0.002073244751376957,
          0.0021033428828032656,
          0.0021121380834052206,
          0.0020865402283226984,
          0.0020332733411930056,
          0.0019571803024622425,
          0.0018607931822202516,
          0.001745065924762615,
          0.001620383980448269,
          0.0014949663417214043,
          0.0013774256041595345,
          0.0012746731395009284,
          0.001189777811453427,
          0.0011216775021843,
          0.0010672208408023594,
          0.001028006974478772
        ]
      },
      "gd": {
        "frequencies_Hz": [
          196078431372549.0,
          195963487145130.0,
          195848677602946.0,
          195734002509410.0,
          195619461628490.0,
          195505054724705.0,
          195390781563126.0,
          195276641909372.0,
          195162635529608.0,
          195048762190548.0,
          194935021659447.0,
          194821413704105.0,
          194707938092861.0,
          194594594594595.0,
          194481382978723.0,
          194368303015201.0,
          194255354474514.0,
          194142537127686.0,
          194029850746269.0,
          193917295102345.0,
          193804869968527.0,
          193692575117954.0,
          193580410324289.0,
          193468375361720.0,
          193356470004958.0,
          193244694029234.0,
          193133047210300.0,
          193021529324425.0,
          192910140148392.0,
          192798879459504.0,
          192687747035573.0,
          192576742654926.0,
          192465866096397.0,
          192355117139334.0,
          192244495563589.0,
          192134001149520.0,
          192023633677991.0,
          191913392930370.0,
          191803278688525.0,
          191693290734824.0
        ],
        "values_mW": [
          0.0009910222910279114,
          0.000989159975679117,
          0.0009770882017461839,
          0.0009575993571618536,
          0.0009322501678393289,
          0.0009041787437216604,
          0.0008774961948026857,
          0.0008547979081590892,
          0.0008361470625681069,
          0.0008224453413220979,
          0.0008138158962102842,
          0.0008086988668758892,
          0.0008044774533909726,
          0.0008016824197016915,
          0.0007998574247234054,
          0.0007977013451552639,
          0.0007952217488293361,
          0.0007926922849520596,
          0.0007906858802101145,
          0.0007888023892134083,
          0.0007889395861980199,
          0.0007911205637506906,
          0.0007973480684323521,
          0.0008079004620853391,
          0.0008216907993949625,
          0.0008360554824570247,
          0.000847332400925348,
          0.0008528632689856855,
          0.0008479592579490209,
          0.0008318124379709729,
          0.0008054783888879006,
          0.0007721424650978298,
          0.0007356270731216851,
          0.0006999370848603527,
          0.0006675494942113417,
          0.0006401895776819022,
          0.0006180804131109605,
          0.0006008764925442757,
          0.000587987940919949,
          0.0005775920076366296
        ]
      }
    }
  },
  {
    "spectra": {
      "target": {
        "frequencies_Hz": [
          196078431372549.0,
          195963487145130.0,
          195848677602946.0,
          195734002509410.0,
          195619461628490.0,
          195505054724705.0,
          195390781563126.0,
          195276641909372.0,
          195162635529608.0,
          195048762190548.0,
          194935021659447.0,
          194821413704105.0,
          194707938092861.0,
          194594594594595.0,
          194481382978723.0,
          194368303015201.0,
          194255354474514.0,
          194142537127686.0,
          194029850746269.0,
          193917295102345.0,
          193804869968527.0,
          193692575117954.0,
          193580410324289.0,
          193468375361720.0,
          193356470004958.0,
          193244694029234.0,
          193133047210300.0,
          193021529324425.0,
          192910140148392.0,
          192798879459504.0,
          192687747035573.0,
          192576742654926.0,
          192465866096397.0,
          192355117139334.0,
          192244495563589.0,
          192134001149520.0,
          192023633677991.0,
          191913392930370.0,
          191803278688525.0,
          191693290734824.0
        ],
        "values_mW": [
          0.001985937776070213,
          0.001985937776070213,
          0.001985937776070213,
          0.001985937776070213,
          0.001985937776070213,
          0.001985937776070213,
          0.001985937776070213,
          0.001985937776070213,
          0.001985937776070213,
          0.001985937776070213,
          0.001985937776070213,
          0.001985937776070213,
          0.001985937776070213,
          0.001985937776070213,
          0.001985937776070213,
          0.001985937776070213,
          0.001985937776070213,
          0.001985937776070213,
          0.001985937776070213,
          0.001985937776070213,
          0.001985937776070213,
          0.001985937776070213,
          0.001985937776070213,
          0.001985937776070213,
          0.001985937776070213,
          0.001985937776070213,
          0.001985937776070213,
          0.001985937776070213,
          0.001985937776070213,
          0.001985937776070213,
          0.001985937776070213,
          0.001985937776070213,
          0.001985937776070213,
          0.001985937776070213,
          0.001985937776070213,
          0.001985937776070213,
          0.001985937776070213,
          0.001985937776070213,
          0.001985937776070213,
          0.001985937776070213
        ]
      },
      "initial": {
        "frequencies_Hz": [
          196078431372549.0,
          195963487145130.0,
          195848677602946.0,
          195734002509410.0,
          195619461628490.0,
          195505054724705.0,
          195390781563126.0,
          195276641909372.0,
          195162635529608.0,
          195048762190548.0,
          194935021659447.0,
          194821413704105.0,
          194707938092861.0,
          194594594594595.0,
          194481382978723.0,
          194368303015201.0,
          194255354474514.0,
          194142537127686.0,
          194029850746269.0,
          193917295102345.0,
          193804869968527.0,
          193692575117954.0,
          193580410324289.0,
          193468375361720.0,
          193356470004958.0,
          193244694029234.0,
          193133047210300.0,
          193021529324425.0,
          192910140148392.0,
          192798879459504.0,
          192687747035573.0,
          192576742654926.0,
          192465866096397.0,
          192355117139334.0,
          192244495563589.0,
          192134001149520.0,
          192023633677991.0,
          191913392930370.0,
          191803278688525.0,
          191693290734824.0
        ],
        "values_mW": [
          0.0027475004104779944,
          0.002826063271943362,
          0.00289563543632066,
          0.0029686351990091,
          0.0030332787930034805,
          0.003091506521164704,
          0.0031463181856815786,
          0.0032053606494031883,
          0.00327896492244418,
          0.003375258677862202,
          0.003493932413674779,
          0.003611199359762077,
          0.0037124860858682635,
          0.0037774312722285326,
          0.003785143797632416,
          0.0037217149346713573,
          0.003608725508180083,
          0.003466307668625037,
          0.0033091326631363477,
          0.0031515176417925596,
          0.003011138326418061,
          0.002888985057589608,
          0.0027857250745685234,
          0.0027015858076202093,
          0.002631682444128043,
          0.0025668422546258926,
          0.0025048600476358564,
          0.0024597094403265413,
          0.002430292296032673,
          0.0024150100581250677,
          0.002413794252173239,
          0.0024211778937118524,
          0.002426330637695557,
          0.0024123941006405627,
          0.0023681357288477963,
          0.0022803217250990577,
          0.002157859602658436,
          0.0020170453401905197,
          0.0018747895434964488,
          0.0017448279670638596
        ]
      },
      "bern": {
        "frequencies_Hz": [
          196078431372549.0,
          195963487145130.0,
          195848677602946.0,
          195734002509410.0,
          195619461628490.0,
          195505054724705.0,
          195390781563126.0,
          195276641909372.0,
          195162635529608.0,
          195048762190548.0,
          194935021659447.0,
          194821413704105.0,
          194707938092861.0,
          194594594594595.0,
          194481382978723.0,
          194368303015201.0,
          194255354474514.0,
          194142537127686.0,
          194029850746269.0,
          193917295102345.0,
          193804869968527.0,
          193692575117954.0,
          193580410324289.0,
          193468375361720.0,
          193356470004958.0,
          193244694029234.0,
          193133047210300.0,
          193021529324425.0,
          192910140148392.0,
          192798879459504.0,
          192687747035573.0,
          192576742654926.0,
          192465866096397.0,
          192355117139334.0,
          192244495563589.0,
          192134001149520.0,
          192023633677991.0,
          191913392930370.0,
          191803278688525.0,
          191693290734824.0
        ],
        "values_mW": [
          0.002880418744998372,
          0.0029687314399716807,
          0.0030558739944582,
          0.003139050603685286,
          0.0032141441198324217,
          0.0032827321785660166,
          0.0033416894999766084,
          0.003405171812218341,
          0.003481042420058815,
          0.003578084380092566,
          0.003690301531357568,
          0.0038118844158299948,
          0.003935325866024837,
          0.004041096110821532,
          0.004093710840742009,
          0.00406331520853337,
          0.003973955703146539,
          0.0038384126360802287,
          0.0036726240442462787,
          0.0034957096001716143,
          0.0033262211130233497,
          0.0031705685304242175,
          0.0030342666643606185,
          0.002926372808228121,
          0.0028383009390073348,
          0.002759569703019723,
          0.002690544106461082,
          0.0026406151425240852,
          0.0026112944100432425,
          0.0026004640070042624,
          0.002602183688639711,
          0.002603177011255553,
          0.0025906825384667655,
          0.002545606007672995,
          0.0024611078887909043,
          0.0023385316673025097,
          0.0021907062561359793,
          0.002034667237038466,
          0.0018862206668628192,
          0.001758498518923322
        ]
      },
      "gd": {
        "frequencies_Hz": [
          196078431372549.0,
          195963487145130.0,
          195848677602946.0,
          195734002509410.0,
          195619461628490.0,
          195505054724705.0,
          195390781563126.0,
          195276641909372.0,
          195162635529608.0,
          195048762190548.0,
          194935021659447.0,
          194821413704105.0,
          194707938092861.0,
          194594594594595.0,
          194481382978723.0,
          194368303015201.0,
          194255354474514.0,
          194142537127686.0,
          194029850746269.0,
          193917295102345.0,
          193804869968527.0,
          193692575117954.0,
          193580410324289.0,
          193468375361720.0,
          193356470004958.0,
          193244694029234.0,
          193133047210300.0,
          193021529324425.0,
          192910140148392.0,
          192798879459504.0,
          192687747035573.0,
          192576742654926.0,
          192465866096397.0,
          192355117139334.0,
          192244495563589.0,
          192134001149520.0,
          192023633677991.0,
          191913392930370.0,
          191803278688525.0,
          191693290734824.0
        ],
        "values_mW": [
          0.0010532805190596394,
          0.0010078265579972065,
          0.0009603988867616551,
          0.0009161436869838262,
          0.0008791561007839472,
          0.0008490354402957158,
          0.000826071712932991,
          0.0008097571403706178,
          0.0007996559259673737,
          0.0007920232331797727,
          0.0007870490463453553,
          0.0007848834466762653,
          0.0007848699401750941,
          0.0007858117164908098,
          0.0007871422249159174,
          0.000790495078418549,
          0.0007950310664385435,
          0.0008010265842567529,
          0.0008085377439409419,
          0.0008169476261080462,
          0.0008256986001782857,
          0.0008340349237272663,
          0.0008438388906904933,
          0.0008543231632634517,
          0.0008652886494300546,
          0.0008741516532645401,
          0.0008776589165901428,
          0.0008743913146415437,
          0.0008642994444042604,
          0.000849625730987927,
          0.0008313377994925094,
          0.0008103064407894993,
          0.0007870535644697994,
          0.0007623248651092167,
          0.0007378517569086767,
          0.0007155787093925973,
          0.0006960042714020336,
          0.0006777878322036737,
          0.0006592867511404089,
          0.0006388115121750038
        ]
      }
    }
  },
  {
    "spectra": {
      "target": {
        "frequencies_Hz": [
          196078431372549.0,
          195963487145130.0,
          195848677602946.0,
          195734002509410.0,
          195619461628490.0,
          195505054724705.0,
          195390781563126.0,
          195276641909372.0,
          195162635529608.0,
          195048762190548.0,
          194935021659447.0,
          194821413704105.0,
          194707938092861.0,
          194594594594595.0,
          194481382978723.0,
          194368303015201.0,
          194255354474514.0,
          194142537127686.0,
          194029850746269.0,
          193917295102345.0,
          193804869968527.0,
          193692575117954.0,
          193580410324289.0,
          193468375361720.0,
          193356470004958.0,
          193244694029234.0,
          193133047210300.0,
          193021529324425.0,
          192910140148392.0,
          192798879459504.0,
          192687747035573.0,
          192576742654926.0,
          192465866096397.0,
          192355117139334.0,
          192244495563589.0,
          192134001149520.0,
          192023633677991.0,
          191913392930370.0,
          191803278688525.0,
          191693290734824.0
        ],
        "values_mW": [
          0.001985937776070213,
          0.001985937776070213,
          0.001985937776070213,
          0.001985937776070213,
          0.001985937776070213,
          0.001985937776070213,
          0.001985937776070213,
          0.001985937776070213,
          0.001985937776070213,
          0.001985937776070213,
          0.001985937776070213,
          0.001985937776070213,
          0.001985937776070213,
          0.001985937776070213,
          0.001985937776070213,
          0.001985937776070213,
          0.001985937776070213,
          0.001985937776070213,
          0.001985937776070213,
          0.001985937776070213,
          0.001985937776070213,
          0.001985937776070213,
          0.001985937776070213,
          0.001985937776070213,
          0.001985937776070213,
          0.001985937776070213,
          0.001985937776070213,
          0.001985937776070213,
          0.001985937776070213,
          0.001985937776070213,
          0.001985937776070213,
          0.001985937776070213,
          0.001985937776070213,
          0.001985937776070213,
          0.001985937776070213,
          0.001985937776070213,
          0.001985937776070213,
          0.001985937776070213,
          0.001985937776070213,
          0.001985937776070213
        ]
      },
      "initial": {
        "frequencies_Hz": [
          196078431372549.0,
          195963487145130.0,
          195848677602946.0,
          195734002509410.0,
          195619461628490.0,
          195505054724705.0,
          195390781563126.0,
          195276641909372.0,
          195162635529608.0,
          195048762190548.0,
          194935021659447.0,
          194821413704105.0,
          194707938092861.0,
          194594594594595.0,
          194481382978723.0,
          194368303015201.0,
          194255354474514.0,
          194142537127686.0,
          194029850746269.0,
          193917295102345.0,
          193804869968527.0,
          193692575117954.0,
          193580410324289.0,
          193468375361720.0,
          193356470004958.0,
          193244694029234.0,
          193133047210300.0,
          193021529324425.0,
          192910140148392.0,
          192798879459504.0,
          192687747035573.0,
          192576742654926.0,
          192465866096397.0,
          192355117139334.0,
          192244495563589.0,
          192134001149520.0,
          192023633677991.0,
          191913392930370.0,
          191803278688525.0,
          191693290734824.0
        ],
        "values_mW": [
          0.0024580355370507284,
          0.0024944333076601013,
          0.002524109546826344,
          0.002548754255339355,
          0.0025770499048267713,
          0.0026140430875584396,
          0.0026664084064097157,
          0.0027364984733061893,
          0.0028146658771015355,
          0.002886654909468069,
          0.002930520787297101,
          0.002929962451916218,
          0.002869119316486998,
          0.00276435098897226,
          0.0026315451785381095,
          0.0024857003633915837,
          0.002339829370689465,
          0.0022086109725744773,
          0.0020930098765969516,
          0.0019963802373359537,
          0.0019180343880449565,
          0.0018522859937497955,
          0.0017934412590822901,
          0.0017414886559714224,
          0.0017002069580366362,
          0.0016730966313949016,
          0.0016583279644767535,
          0.0016563408182963034,
          0.0016617011987707863,
          0.001669988577841692,
          0.0016685954491970887,
          0.001645107713914904,
          0.0015945975215162188,
          0.0015218453105704265,
          0.001435666343478854,
          0.001343939689514495,
          0.0012554338049990507,
          0.0011775383602595183,
          0.0011114279389239686,
          0.0010547512711021458
        ]
      },
      "bern": {
        "frequencies_Hz": [
          196078431372549.0,
          195963487145130.0,
          195848677602946.0,
          195734002509410.0,
          195619461628490.0,
          195505054724705.0,
          195390781563126.0,
          195276641909372.0,
          195162635529608.0,
          195048762190548.0,
          194935021659447.0,
          194821413704105.0,
          194707938092861.0,
          194594594594595.0,
          194481382978723.0,
          194368303015201.0,
          194255354474514.0,
          194142537127686.0,
          194029850746269.0,
          193917295102345.0,
          193804869968527.0,
          193692575117954.0,
          193580410324289.0,
          193468375361720.0,
          193356470004958.0,
          193244694029234.0,
          193133047210300.0,
          193021529324425.0,
          192910140148392.0,
          192798879459504.0,
          192687747035573.0,
          192576742654926.0,
          192465866096397.0,
          192355117139334.0,
          192244495563589.0,
          192134001149520.0,
          192023633677991.0,
          191913392930370.0,
          191803278688525.0,
          191693290734824.0
        ],
        "values_mW": [
          0.001521748446615991,
          0.0015339198204314822,
          0.001547422764274845,
          0.0015650301498101552,
          0.0015897515372947626,
          0.0016228000708370374,
          0.0016615562234958104,
          0.0016971585500141185,
          0.0017167836097867746,
          0.0017127879407062559,
          0.0016837020168130766,
          0.001634916911255484,
          0.0015711677029854121,
          0.0015021508140438094,
          0.0014328962680380537,
          0.0013718944270593005,
          0.001320594440985521,
          0.0012783653727942693,
          0.0012443615727649507,
          0.0012161914858887465,
          0.0011909023914376058,
          0.0011677943541557707,
          0.0011482459980191827,
          0.0011329552529532852,
          0.001120659590800116,
          0.0011133732832373903,
          0.0011129320442945492,
          0.0011183925303546883,
          0.0011263529992096757,
          0.0011330944046063797,
          0.0011334102078815118,
          0.0011210242833213206,
          0.0010959308391127519,
          0.0010604736023822228,
          0.0010190021231264274,
          0.000975752358979218,
          0.0009333703624815747,
          0.000893056255120926,
          0.0008532176765675535,
          0.0008141114333112777
        ]
      },
      "gd": {
        "frequencies_Hz": [
          196078431372549.0,
          195963487145130.0,
          195848677602946.0,
          195734002509410.0,
          195619461628490.0,
          195505054724705.0,
          195390781563126.0,
          195276641909372.0,
          195162635529608.0,
          195048762190548.0,
          194935021659447.0,
          194821413704105.0,
          194707938092861.0,
          194594594594595.0,
          194481382978723.0,
          194368303015201.0,
          194255354474514.0,
          194142537127686.0,
          194029850746269.0,
          193917295102345.0,
          193804869968527.0,
          193692575117954.0,
          193580410324289.0,
          193468375361720.0,
          193356470004958.0,
          193244694029234.0,
          193133047210300.0,
          193021529324425.0,
          192910140148392.0,
          192798879459504.0,
          192687747035573.0,
          192576742654926.0,
          192465866096397.0,
          192355117139334.0,
          192244495563589.0,
          192134001149520.0,
          192023633677991.0,
          191913392930370.0,
          191803278688525.0,
          191693290734824.0
        ],
        "values_mW": [
          0.0006666657603101897,
          0.0006750043612293067,
          0.0006839910006214182,
          0.000693817025940035,
          0.0007048788605483003,
          0.0007171490144403509,
          0.000730591142917926,
          0.0007426946424802629,
          0.0007522282572284826,
          0.0007584048961476753,
          0.0007610564076664457,
          0.0007608913726836414,
          0.0007590479153592893,
          0.0007571472163768755,
          0.0007557786601717602,
          0.0007555022333067433,
          0.0007564430540044178,
          0.0007595490756632839,
          0.0007653978869607078,
          0.0007732045882542774,
          0.0007815682623059225,
          0.0007897142058369331,
          0.0007982799690866388,
          0.000807224344074128,
          0.0008172922854988494,
          0.0008270784196893119,
          0.0008366466518392637,
          0.0008459575535221472,
          0.0008547889040870753,
          0.0008626059788976317,
          0.0008696787542598064,
          0.0008764314949409027,
          0.0008820499250681818,
          0.0008872837944463442,
          0.0008928088179590677,
          0.000899521910461493,
          0.000906056539469837,
          0.0009141113537368173,
          0.0009224852757349324,
          0.0009287286105055528
        ]
      }
    }
  },
  {
    "spectra": {
      "target": {
        "frequencies_Hz": [
          196078431372549.0,
          195963487145130.0,
          195848677602946.0,
          195734002509410.0,
          195619461628490.0,
          195505054724705.0,
          195390781563126.0,
          195276641909372.0,
          195162635529608.0,
          195048762190548.0,
          194935021659447.0,
          194821413704105.0,
          194707938092861.0,
          194594594594595.0,
          194481382978723.0,
          194368303015201.0,
          194255354474514.0,
          194142537127686.0,
          194029850746269.0,
          193917295102345.0,
          193804869968527.0,
          193692575117954.0,
          193580410324289.0,
          193468375361720.0,
          193356470004958.0,
          193244694029234.0,
          193133047210300.0,
          193021529324425.0,
          192910140148392.0,
          192798879459504.0,
          192687747035573.0,
          192576742654926.0,
          192465866096397.0,
          192355117139334.0,
          192244495563589.0,
          192134001149520.0,
          192023633677991.0,
          191913392930370.0,
          191803278688525.0,
          191693290734824.0
        ],
        "values_mW": [
          0.001985937776070213,
          0.001985937776070213,
          0.001985937776070213,
          0.001985937776070213,
          0.001985937776070213,
          0.001985937776070213,
          0.001985937776070213,
          0.001985937776070213,
          0.001985937776070213,
          0.001985937776070213,
          0.001985937776070213,
          0.001985937776070213,
          0.001985937776070213,
          0.001985937776070213,
          0.001985937776070213,
          0.001985937776070213,
          0.001985937776070213,
          0.001985937776070213,
          0.001985937776070213,
          0.001985937776070213,
          0.001985937776070213,
          0.001985937776070213,
          0.001985937776070213,
          0.001985937776070213,
          0.001985937776070213,
          0.001985937776070213,
          0.001985937776070213,
          0.001985937776070213,
          0.001985937776070213,
          0.001985937776070213,
          0.001985937776070213,
          0.001985937776070213,
          0.001985937776070213,
          0.001985937776070213,
          0.001985937776070213,
          0.001985937776070213,
          0.001985937776070213,
          0.001985937776070213,
          0.001985937776070213,
          0.001985937776070213
        ]
      },
      "initial": {
        "frequencies_Hz": [
          196078431372549.0,
          195963487145130.0,
          195848677602946.0,
          195734002509410.0,
          195619461628490.0,
          195505054724705.0,
          195390781563126.0,
          195276641909372.0,
          195162635529608.0,
          195048762190548.0,
          194935021659447.0,
          194821413704105.0,
          194707938092861.0,
          194594594594595.0,
          194481382978723.0,
          194368303015201.0,
          194255354474514.0,
          194142537127686.0,
          194029850746269.0,
          193917295102345.0,
          193804869968527.0,
          193692575117954.0,
          193580410324289.0,
          193468375361720.0,
          193356470004958.0,
          193244694029234.0,
          193133047210300.0,
          193021529324425.0,
          192910140148392.0,
          192798879459504.0,
          192687747035573.0,
          192576742654926.0,
          192465866096397.0,
          192355117139334.0,
          192244495563589.0,
          192134001149520.0,
          192023633677991.0,
          191913392930370.0,
          191803278688525.0,
          191693290734824.0
        ],
        "values_mW": [
          0.002344087033502055,
          0.002383927629704903,
          0.00243501464749429,
          0.0024985743478394013,
          0.0025744183821672082,
          0.002654106474311246,
          0.002722799126349385,
          0.0027579324710020627,
          0.0027374871292535413,
          0.0026692107995043993,
          0.0025724946357890393,
          0.0024605022400035533,
          0.002339792967936159,
          0.0022318069085941537,
          0.0021409139520351026,
          0.002068390048917567,
          0.002014975210103035,
          0.0019756628286252183,
          0.0019431534536417353,
          0.0019103440248435454,
          0.0018828172399903277,
          0.0018584403092382494,
          0.0018356167965781797,
          0.001812116453519068,
          0.0017956768003398306,
          0.001787953441047066,
          0.0017898379207121713,
          0.0018027585407931904,
          0.0018207815802334993,
          0.0018358413443469019,
          0.0018325385487044435,
          0.0018059192067887125,
          0.0017525280684445384,
          0.001680393882490996,
          0.0015974740591253682,
          0.0015095467135212313,
          0.0014198463050972242,
          0.0013350015723305056,
          0.0012574306541980208,
          0.0011888641953675427
        ]
      },
      "bern": {
        "frequencies_Hz": [
          196078431372549.0,
          195963487145130.0,
          195848677602946.0,
          195734002509410.0,
          195619461628490.0,
          195505054724705.0,
          195390781563126.0,
          195276641909372.0,
          195162635529608.0,
          195048762190548.0,
          194935021659447.0,
          194821413704105.0,
          194707938092861.0,
          194594594594595.0,
          194481382978723.0,
          194368303015201.0,
          194255354474514.0,
          194142537127686.0,
          194029850746269.0,
          193917295102345.0,
          193804869968527.0,
          193692575117954.0,
          193580410324289.0,
          193468375361720.0,
          193356470004958.0,
          193244694029234.0,
          193133047210300.0,
          193021529324425.0,
          192910140148392.0,
          192798879459504.0,
          192687747035573.0,
          192576742654926.0,
          192465866096397.0,
          192355117139334.0,
          192244495563589.0,
          192134001149520.0,
          192023633677991.0,
          191913392930370.0,
          191803278688525.0,
          191693290734824.0
        ],
        "values_mW": [
          0.0014142664800302455,
          0.0014590131796767248,
          0.0015066337040734405,
          0.0015568650674701989,
          0.0016087595452310983,
          0.001667377807300557,
          0.0017307482323734515,
          0.0017901857443078754,
          0.0018338864169908347,
          0.0018682322195323231,
          0.001898454228759011,
          0.0019277263697452158,
          0.0019521759143086603,
          0.0019758472892027917,
          0.0020021700366772118,
          0.0020325828745757675,
          0.0020646279972327606,
          0.0021022552798679686,
          0.002142838142748542,
          0.0021817484389973062,
          0.002222614559942066,
          0.0022655097065757434,
          0.0023102678000591226,
          0.0023443235354524195,
          0.0023863022934447016,
          0.002428743669909898,
          0.002466938260745702,
          0.002498840936152963,
          0.0025199028220144384,
          0.002528439099513389,
          0.002519225605782368,
          0.0024984516115291676,
          0.0024621534373854962,
          0.0024158257903260597,
          0.002363171725137722,
          0.0023142955408479307,
          0.0022770710813588527,
          0.002258548523799906,
          0.0022611090546264517,
          0.0022749064023251703
        ]
      },
      "gd": {
        "frequencies_Hz": [
          196078431372549.0,
          195963487145130.0,
          195848677602946.0,
          195734002509410.0,
          195619461628490.0,
          195505054724705.0,
          195390781563126.0,
          195276641909372.0,
          195162635529608.0,
          195048762190548.0,
          194935021659447.0,
          194821413704105.0,
          194707938092861.0,
          194594594594595.0,
          194481382978723.0,
          194368303015201.0,
          194255354474514.0,
          194142537127686.0,
          194029850746269.0,
          193917295102345.0,
          193804869968527.0,
          193692575117954.0,
          193580410324289.0,
          193468375361720.0,
          193356470004958.0,
          193244694029234.0,
          193133047210300.0,
          193021529324425.0,
          192910140148392.0,
          192798879459504.0,
          192687747035573.0,
          192576742654926.0,
          192465866096397.0,
          192355117139334.0,
          192244495563589.0,
          192134001149520.0,
          192023633677991.0,
          191913392930370.0,
          191803278688525.0,
          191693290734824.0
        ],
        "values_mW": [
          0.0008228384295566035,
          0.0008081390218099804,
          0.0007932525597129341,
          0.0007805160049944493,
          0.0007700318958704844,
          0.0007623483031959677,
          0.0007584028030715696,
          0.0007584777188900895,
          0.0007609391899841925,
          0.0007646361422924698,
          0.0007698163698711102,
          0.0007766290089661805,
          0.0007838590951144669,
          0.0007923244752469897,
          0.0008023807597875945,
          0.0008132039764356436,
          0.0008237999715750351,
          0.000835469211669943,
          0.0008483759498863337,
          0.0008620132729292572,
          0.0008759685268687832,
          0.0008909711894282421,
          0.0009066551579226551,
          0.0009225684531182925,
          0.0009373617212345976,
          0.000949201365126346,
          0.0009562464158811444,
          0.0009567526025762125,
          0.0009517858660750227,
          0.0009423017934526268,
          0.0009304628782418796,
          0.0009174913254366157,
          0.000906492781309852,
          0.0008993566947246155,
          0.0008963370148525412,
          0.0008969215937481669,
          0.0008981577943917064,
          0.0008961259668595252,
          0.0008866011813797647,
          0.0008667958993585631
        ]
      }
    }
  },
  {
    "spectra": {
      "target": {
        "frequencies_Hz": [
          196078431372549.0,
          195963487145130.0,
          195848677602946.0,
          195734002509410.0,
          195619461628490.0,
          195505054724705.0,
          195390781563126.0,
          195276641909372.0,
          195162635529608.0,
          195048762190548.0,
          194935021659447.0,
          194821413704105.0,
          194707938092861.0,
          194594594594595.0,
          194481382978723.0,
          194368303015201.0,
          194255354474514.0,
          194142537127686.0,
          194029850746269.0,
          193917295102345.0,
          193804869968527.0,
          193692575117954.0,
          193580410324289.0,
          193468375361720.0,
          193356470004958.0,
          193244694029234.0,
          193133047210300.0,
          193021529324425.0,
          192910140148392.0,
          192798879459504.0,
          192687747035573.0,
          192576742654926.0,
          192465866096397.0,
          192355117139334.0,
          192244495563589.0,
          192134001149520.0,
          192023633677991.0,
          191913392930370.0,
          191803278688525.0,
          191693290734824.0
        ],
        "values_mW": [
          0.001985937776070213,
          0.001985937776070213,
          0.001985937776070213,
          0.001985937776070213,
          0.001985937776070213,
          0.001985937776070213,
          0.001985937776070213,
          0.001985937776070213,
          0.001985937776070213,
          0.001985937776070213,
          0.001985937776070213,
          0.001985937776070213,
          0.001985937776070213,
          0.001985937776070213,
          0.001985937776070213,
          0.001985937776070213,
          0.001985937776070213,
          0.001985937776070213,
          0.001985937776070213,
          0.001985937776070213,
          0.001985937776070213,
          0.001985937776070213,
          0.001985937776070213,
          0.001985937776070213,
          0.001985937776070213,
          0.001985937776070213,
          0.001985937776070213,
          0.001985937776070213,
          0.001985937776070213,
          0.001985937776070213,
          0.001985937776070213,
          0.001985937776070213,
          0.001985937776070213,
          0.001985937776070213,
          0.001985937776070213,
          0.001985937776070213,
          0.001985937776070213,
          0.001985937776070213,
          0.001985937776070213,
          0.001985937776070213
        ]
      },
      "initial": {
        "frequencies_Hz": [
          196078431372549.0,
          195963487145130.0,
          195848677602946.0,
          195734002509410.0,
          195619461628490.0,
          195505054724705.0,
          195390781563126.0,
          195276641909372.0,
          195162635529608.0,
          195048762190548.0,
          194935021659447.0,
          194821413704105.0,
          194707938092861.0,
          194594594594595.0,
          194481382978723.0,
          194368303015201.0,
          194255354474514.0,
          194142537127686.0,
          194029850746269.0,
          193917295102345.0,
          193804869968527.0,
          193692575117954.0,
          193580410324289.0,
          193468375361720.0,
          193356470004958.0,
          193244694029234.0,
          193133047210300.0,
          193021529324425.0,
          192910140148392.0,
          192798879459504.0,
          192687747035573.0,
          192576742654926.0,
          192465866096397.0,
          192355117139334.0,
          192244495563589.0,
          192134001149520.0,
          192023633677991.0,
          191913392930370.0,
          191803278688525.0,
          191693290734824.0
        ],
        "values_mW": [
          0.0017552146761999523,
          0.0017859903665248737,
          0.001817173310495102,
          0.0018518790801703006,
          0.0018896419590339404,
          0.0019338791099375084,
          0.0019849926323143945,
          0.002041861065600616,
          0.0021003467143789513,
          0.0021490950471910477,
          0.002174118131551843,
          0.002167618791640308,
          0.0021381430328022625,
          0.002093462035357248,
          0.002038686316001426,
          0.0019783671092181,
          0.0019267130419299795,
          0.0018842327726868923,
          0.0018515033765792938,
          0.0018270129880597324,
          0.0018076978272487019,
          0.0017888956030729457,
          0.001767942964336787,
          0.0017489467736434058,
          0.0017309491537640573,
          0.0017119249112894684,
          0.0016931741210385943,
          0.00168089142922565,
          0.0016775756353970225,
          0.001684854482637851,
          0.001701004904870336,
          0.0017185459476534686,
          0.0017267444563493395,
          0.0017137847959651205,
          0.00167320602008004,
          0.0016064777771454847,
          0.0015217750228805837,
          0.0014282356631184487,
          0.0013330508019123552,
          0.0012419945472639414
        ]
      },
      "bern": {
        "frequencies_Hz": [
          196078431372549.0,
          195963487145130.0,
          195848677602946.0,
          195734002509410.0,
          195619461628490.0,
          195505054724705.0,
          195390781563126.0,
          195276641909372.0,
          195162635529608.0,
          195048762190548.0,
          194935021659447.0,
          194821413704105.0,
          194707938092861.0,
          194594594594595.0,
          194481382978723.0,
          194368303015201.0,
          194255354474514.0,
          194142537127686.0,
          194029850746269.0,
          193917295102345.0,
          193804869968527.0,
          193692575117954.0,
          193580410324289.0,
          193468375361720.0,
          193356470004958.0,
          193244694029234.0,
          193133047210300.0,
          193021529324425.0,
          192910140148392.0,
          192798879459504.0,
          192687747035573.0,
          192576742654926.0,
          192465866096397.0,
          192355117139334.0,
          192244495563589.0,
          192134001149520.0,
          192023633677991.0,
          191913392930370.0,
          191803278688525.0,
          191693290734824.0
        ],
        "values_mW": [
          0.0018919868448455724,
          0.0019193167773713694,
          0.0019402679191354126,
          0.0019601746063641285,
          0.001984538482456006,
          0.0020187016409337214,
          0.0020629232229357132,
          0.0021161245217693925,
          0.002169963077870582,
          0.002213604907980518,
          0.0022332177536684775,
          0.0022154294431341996,
          0.002157064519792412,
          0.0020737371619084185,
          0.0019782507255154736,
          0.0018808960166770792,
          0.0017906602364331674,
          0.0017132807397336677,
          0.0016486757330602781,
          0.001604100794143255,
          0.0015789375999274908,
          0.0015683513003522515,
          0.0015647519983805218,
          0.0015681547828882607,
          0.0015774867099802325,
          0.0015897797416916089,
          0.001595673983248566,
          0.0015904559253730743,
          0.0015758799050925789,
          0.0015543866116922034,
          0.001529653781634836,
          0.0015048973662583627,
          0.001484402963645431,
          0.0014701473063497162,
          0.00146162489568416,
          0.0014625028746984396,
          0.0014719902069926852,
          0.0014892965328644919,
          0.0015037395685112386,
          0.0015158050420859507
        ]
      },
      "gd": {
        "frequencies_Hz": [
          196078431372549.0,
          195963487145130.0,
          195848677602946.0,
          195734002509410.0,
          195619461628490.0,
          195505054724705.0,
          195390781563126.0,
          195276641909372.0,
          195162635529608.0,
          195048762190548.0,
          194935021659447.0,
          194821413704105.0,
          194707938092861.0,
          194594594594595.0,
          194481382978723.0,
          194368303015201.0,
          194255354474514.0,
          194142537127686.0,
          194029850746269.0,
          193917295102345.0,
          193804869968527.0,
          193692575117954.0,
          193580410324289.0,
          193468375361720.0,
          193356470004958.0,
          193244694029234.0,
          193133047210300.0,
          193021529324425.0,
          192910140148392.0,
          192798879459504.0,
          192687747035573.0,
          192576742654926.0,
          192465866096397.0,
          192355117139334.0,
          192244495563589.0,
          192134001149520.0,
          192023633677991.0,
          191913392930370.0,
          191803278688525.0,
          191693290734824.0
        ],
        "values_mW": [
          0.0009609998348855329,
          0.0009116274840803665,
          0.0008692330905044356,
          0.0008339324299499733,
          0.0008075737509477914,
          0.0007895559664429532,
          0.0007776122478481629,
          0.0007685185513018635,
          0.0007627524634700463,
          0.0007598163904525081,
          0.0007598678733528722,
          0.0007614198291052453,
          0.0007634764508454409,
          0.0007651839678730503,
          0.0007670883091187706,
          0.0007705633622250353,
          0.0007759283441204573,
          0.0007823577471010981,
          0.0007899069619924795,
          0.0007994785865717029,
          0.000811619447909189,
          0.000826494390809726,
          0.0008444158650741417,
          0.000862654178661812,
          0.0008748150162103758,
          0.0008770618721970785,
          0.0008670780358615255,
          0.000847249774958641,
          0.0008199850589435705,
          0.0007907066730499663,
          0.0007616004570947329,
          0.0007342018514993146,
          0.0007098103977000057,
          0.0006894426811591141,
          0.0006726244797206028,
          0.0006582602470488761,
          0.0006457159467814825,
          0.0006336466929815364,
          0.000622270783104603,
          0.0006115776144197934
        ]
      }
    }
  },
  {
    "spectra": {
      "target": {
        "frequencies_Hz": [
          196078431372549.0,
          195963487145130.0,
          195848677602946.0,
          195734002509410.0,
          195619461628490.0,
          195505054724705.0,
          195390781563126.0,
          195276641909372.0,
          195162635529608.0,
          195048762190548.0,
          194935021659447.0,
          194821413704105.0,
          194707938092861.0,
          194594594594595.0,
          194481382978723.0,
          194368303015201.0,
          194255354474514.0,
          194142537127686.0,
          194029850746269.0,
          193917295102345.0,
          193804869968527.0,
          193692575117954.0,
          193580410324289.0,
          193468375361720.0,
          193356470004958.0,
          193244694029234.0,
          193133047210300.0,
          193021529324425.0,
          192910140148392.0,
          192798879459504.0,
          192687747035573.0,
          192576742654926.0,
          192465866096397.0,
          192355117139334.0,
          192244495563589.0,
          192134001149520.0,
          192023633677991.0,
          191913392930370.0,
          191803278688525.0,
          191693290734824.0
        ],
        "values_mW": [
          0.001985937776070213,
          0.001985937776070213,
          0.001985937776070213,
          0.001985937776070213,
          0.001985937776070213,
          0.001985937776070213,
          0.001985937776070213,
          0.001985937776070213,
          0.001985937776070213,
          0.001985937776070213,
          0.001985937776070213,
          0.001985937776070213,
          0.001985937776070213,
          0.001985937776070213,
          0.001985937776070213,
          0.001985937776070213,
          0.001985937776070213,
          0.001985937776070213,
          0.001985937776070213,
          0.001985937776070213,
          0.001985937776070213,
          0.001985937776070213,
          0.001985937776070213,
          0.001985937776070213,
          0.001985937776070213,
          0.001985937776070213,
          0.001985937776070213,
          0.001985937776070213,
          0.001985937776070213,
          0.001985937776070213,
          0.001985937776070213,
          0.001985937776070213,
          0.001985937776070213,
          0.001985937776070213,
          0.001985937776070213,
          0.001985937776070213,
          0.001985937776070213,
          0.001985937776070213,
          0.001985937776070213,
          0.001985937776070213
        ]
      },
      "initial": {
        "frequencies_Hz": [
          196078431372549.0,
          195963487145130.0,
          195848677602946.0,
          195734002509410.0,
          195619461628490.0,
          195505054724705.0,
          195390781563126.0,
          195276641909372.0,
          195162635529608.0,
          195048762190548.0,
          194935021659447.0,
          194821413704105.0,
          194707938092861.0,
          194594594594595.0,
          194481382978723.0,
          194368303015201.0,
          194255354474514.0,
          194142537127686.0,
          194029850746269.0,
          193917295102345.0,
          193804869968527.0,
          193692575117954.0,
          193580410324289.0,
          193468375361720.0,
          193356470004958.0,
          193244694029234.0,
          193133047210300.0,
          193021529324425.0,
          192910140148392.0,
          192798879459504.0,
          192687747035573.0,
          192576742654926.0,
          192465866096397.0,
          192355117139334.0,
          192244495563589.0,
          192134001149520.0,
          192023633677991.0,
          191913392930370.0,
          191803278688525.0,
          191693290734824.0
        ],
        "values_mW": [
          0.0029512823390034234,
          0.00298808714569148,
          0.003044258478843296,
          0.0031262509718749483,
          0.0032229542273562507,
          0.0033146105886234438,
          0.0033559267843342303,
          0.0033364125077481,
          0.003246593816400917,
          0.0031013348741169306,
          0.0029156560236313855,
          0.00271075453023292,
          0.0025078372133284063,
          0.002331437277780261,
          0.0021829684476916836,
          0.002063086661097071,
          0.001969442923677822,
          0.001897538604097888,
          0.0018394611997850005,
          0.0017968448799214204,
          0.001773341805394916,
          0.0017666498277835426,
          0.0017661587520339452,
          0.0017657123842176128,
          0.001754668318821034,
          0.0017268068965909389,
          0.0016792004809754507,
          0.001621153728502442,
          0.001557119287634426,
          0.0014902137348812993,
          0.0014254765425977046,
          0.0013690924471023043,
          0.001322830530051554,
          0.0012873382111709222,
          0.001260968158350871,
          0.0012351974207291249,
          0.0012024617765231268,
          0.0011604545052411475,
          0.0011134966245404494,
          0.0010676710717439691
        ]
      },
      "bern": {
        "frequencies_Hz": [
          196078431372549.0,
          195963487145130.0,
          195848677602946.0,
          195734002509410.0,
          195619461628490.0,
          195505054724705.0,
          195390781563126.0,
          195276641909372.0,
          195162635529608.0,
          195048762190548.0,
          194935021659447.0,
          194821413704105.0,
          194707938092861.0,
          194594594594595.0,
          194481382978723.0,
          194368303015201.0,
          194255354474514.0,
          194142537127686.0,
          194029850746269.0,
          193917295102345.0,
          193804869968527.0,
          193692575117954.0,
          193580410324289.0,
          193468375361720.0,
          193356470004958.0,
          193244694029234.0,
          193133047210300.0,
          193021529324425.0,
          192910140148392.0,
          192798879459504.0,
          192687747035573.0,
          192576742654926.0,
          192465866096397.0,
          192355117139334.0,
          192244495563589.0,
          192134001149520.0,
          192023633677991.0,
          191913392930370.0,
          191803278688525.0,
          191693290734824.0
        ],
        "values_mW": [
          0.0002779042840173712,
          0.0002784304077789599,
          0.0002789922887570588,
          0.0002795896102290945,
          0.00028017234927579885,
          0.0002806714302592214,
          0.00028112831033241743,
          0.0002815663631285856,
          0.0002819728913358283,
          0.00028233042906308705,
          0.0002826629679655852,
          0.00028298743386772273,
          0.00028333784430527656,
          0.0002837557636421021,
          0.00028426094271201077,
          0.0002848031329599672,
          0.0002854001567771612,
          0.0002860189588779385,
          0.0002865648291410396,
          0.0002869418381128139,
          0.0002871261682367663,
          0.00028708201579347154,
          0.0002869555725647678,
          0.00028681603965498834,
          0.00028668880134638113,
          0.00028656436489521707,
          0.0002864571952225007,
          0.00028643354846559163,
          0.0002865618908119721,
          0.0002867645299955423,
          0.0002869947686320818,
          0.0002872485163883212,
          0.0002875506160819979,
          0.00028788312298275116,
          0.00028821788507540414,
          0.0002885857146919215,
          0.00028896208720333226,
          0.00028932954938547814,
          0.000289725576253885,
          0.0002901451263475431
        ]
      },
      "gd": {
        "frequencies_Hz": [
          196078431372549.0,
          195963487145130.0,
          195848677602946.0,
          195734002509410.0,
          195619461628490.0,
          195505054724705.0,
          195390781563126.0,
          195276641909372.0,
          195162635529608.0,
          195048762190548.0,
          194935021659447.0,
          194821413704105.0,
          194707938092861.0,
          194594594594595.0,
          194481382978723.0,
          194368303015201.0,
          194255354474514.0,
          194142537127686.0,
          194029850746269.0,
          193917295102345.0,
          193804869968527.0,
          193692575117954.0,
          193580410324289.0,
          193468375361720.0,
          193356470004958.0,
          193244694029234.0,
          193133047210300.0,
          193021529324425.0,
          192910140148392.0,
          192798879459504.0,
          192687747035573.0,
          192576742654926.0,
          192465866096397.0,
          192355117139334.0,
          192244495563589.0,
          192134001149520.0,
          192023633677991.0,
          191913392930370.0,
          191803278688525.0,
          191693290734824.0
        ],
        "values_mW": [
          0.000982872661448693,
          0.0009540866574895385,
          0.0009297305691235388,
          0.000909243875847767,
          0.0008947649893114551,
          0.0008857070449163545,
          0.0008800707202216523,
          0.0008765573183106652,
          0.0008747253161190507,
          0.0008739731336762477,
          0.0008725631584852358,
          0.0008704086209054398,
          0.0008676967506623574,
          0.0008654110481465591,
          0.0008631439114365108,
          0.0008628095372435311,
          0.0008655967704153304,
          0.0008726137978555438,
          0.000883062858105851,
          0.0008962781572643281,
          0.0009094750728081268,
          0.0009179234024497102,
          0.0009191238458869004,
          0.0009105279907729829,
          0.0008916252004909963,
          0.0008619479327194486,
          0.0008261763820264756,
          0.0007873120622246272,
          0.0007497788586208905,
          0.0007154473469439652,
          0.0006856556726957107,
          0.0006603116876067279,
          0.0006387234670754113,
          0.0006202981211693771,
          0.0006043355748913133,
          0.0005906613576665341,
          0.0005791048163406205,
          0.0005692766339362043,
          0.0005613760504314561,
          0.0005557911801871516
        ]
      }
    }
  },
  {
    "spectra": {
      "target": {
        "frequencies_Hz": [
          196078431372549.0,
          195963487145130.0,
          195848677602946.0,
          195734002509410.0,
          195619461628490.0,
          195505054724705.0,
          195390781563126.0,
          195276641909372.0,
          195162635529608.0,
          195048762190548.0,
          194935021659447.0,
          194821413704105.0,
          194707938092861.0,
          194594594594595.0,
          194481382978723.0,
          194368303015201.0,
          194255354474514.0,
          194142537127686.0,
          194029850746269.0,
          193917295102345.0,
          193804869968527.0,
          193692575117954.0,
          193580410324289.0,
          193468375361720.0,
          193356470004958.0,
          193244694029234.0,
          193133047210300.0,
          193021529324425.0,
          192910140148392.0,
          192798879459504.0,
          192687747035573.0,
          192576742654926.0,
          192465866096397.0,
          192355117139334.0,
          192244495563589.0,
          192134001149520.0,
          192023633677991.0,
          191913392930370.0,
          191803278688525.0,
          191693290734824.0
        ],
        "values_mW": [
          0.001985937776070213,
          0.001985937776070213,
          0.001985937776070213,
          0.001985937776070213,
          0.001985937776070213,
          0.001985937776070213,
          0.001985937776070213,
          0.001985937776070213,
          0.001985937776070213,
          0.001985937776070213,
          0.001985937776070213,
          0.001985937776070213,
          0.001985937776070213,
          0.001985937776070213,
          0.001985937776070213,
          0.001985937776070213,
          0.001985937776070213,
          0.001985937776070213,
          0.001985937776070213,
          0.001985937776070213,
          0.001985937776070213,
          0.001985937776070213,
          0.001985937776070213,
          0.001985937776070213,
          0.001985937776070213,
          0.001985937776070213,
          0.001985937776070213,
          0.001985937776070213,
          0.001985937776070213,
          0.001985937776070213,
          0.001985937776070213,
          0.001985937776070213,
          0.001985937776070213,
          0.001985937776070213,
          0.001985937776070213,
          0.001985937776070213,
          0.001985937776070213,
          0.001985937776070213,
          0.001985937776070213,
          0.001985937776070213
        ]
      },
      "initial": {
        "frequencies_Hz": [
          196078431372549.0,
          195963487145130.0,
          195848677602946.0,
          195734002509410.0,
          195619461628490.0,
          195505054724705.0,
          195390781563126.0,
          195276641909372.0,
          195162635529608.0,
          195048762190548.0,
          194935021659447.0,
          194821413704105.0,
          194707938092861.0,
          194594594594595.0,
          194481382978723.0,
          194368303015201.0,
          194255354474514.0,
          194142537127686.0,
          194029850746269.0,
          193917295102345.0,
          193804869968527.0,
          193692575117954.0,
          193580410324289.0,
          193468375361720.0,
          193356470004958.0,
          193244694029234.0,
          193133047210300.0,
          193021529324425.0,
          192910140148392.0,
          192798879459504.0,
          192687747035573.0,
          192576742654926.0,
          192465866096397.0,
          192355117139334.0,
          192244495563589.0,
          192134001149520.0,
          192023633677991.0,
          191913392930370.0,
          191803278688525.0,
          191693290734824.0
        ],
        "values_mW": [
          0.0017819755196170873,
          0.0018098274670198264,
          0.0018479639862822419,
          0.0018947594408505407,
          0.0019482177218069113,
          0.0020036069686040644,
          0.0020451553727853585,
          0.002059208024269243,
          0.0020403174157487525,
          0.0019939876043593894,
          0.001931205101336565,
          0.0018613856497834305,
          0.001791091993256993,
          0.0017271801266645628,
          0.0016728177315857601,
          0.001633087219693388,
          0.0016098329931709219,
          0.0015957565799100879,
          0.001585701391854013,
          0.0015783479976190916,
          0.0015735700077262305,
          0.0015703628095373639,
          0.001566663756525595,
          0.001563089235311467,
          0.0015584835675372067,
          0.0015542048748190536,
          0.0015538141512529964,
          0.0015597217722910196,
          0.0015719791627865872,
          0.001593397046135722,
          0.0016232875479820661,
          0.0016541843038230522,
          0.0016792357892378377,
          0.0016901039616681408,
          0.0016779312429142984,
          0.00163830518442481,
          0.0015714151254461123,
          0.001484156079995023,
          0.0013859564921373227,
          0.001285874536570794
        ]
      },
      "bern": {
        "frequencies_Hz": [
          196078431372549.0,
          195963487145130.0,
          195848677602946.0,
          195734002509410.0,
          195619461628490.0,
          195505054724705.0,
          195390781563126.0,
          195276641909372.0,
          195162635529608.0,
          195048762190548.0,
          194935021659447.0,
          194821413704105.0,
          194707938092861.0,
          194594594594595.0,
          194481382978723.0,
          194368303015201.0,
          194255354474514.0,
          194142537127686.0,
          194029850746269.0,
          193917295102345.0,
          193804869968527.0,
          193692575117954.0,
          193580410324289.0,
          193468375361720.0,
          193356470004958.0,
          193244694029234.0,
          193133047210300.0,
          193021529324425.0,
          192910140148392.0,
          192798879459504.0,
          192687747035573.0,
          192576742654926.0,
          192465866096397.0,
          192355117139334.0,
          192244495563589.0,
          192134001149520.0,
          192023633677991.0,
          191913392930370.0,
          191803278688525.0,
          191693290734824.0
        ],
        "values_mW": [
          0.0003661410626984141,
          0.0003688669742876429,
          0.00037142245056175256,
          0.00037398731430447155,
          0.0003766928037758394,
          0.00037919977351316605,
          0.00038157080356522675,
          0.0003838887057737391,
          0.0003861559589638722,
          0.00038824326567687983,
          0.00039037947498487017,
          0.0003925379320830253,
          0.00039456115212024064,
          0.0003965756335362571,
          0.00039859540575447,
          0.00040064189567507434,
          0.0004022285506241021,
          0.0004040839051196904,
          0.00040589219218153044,
          0.0004074564107835783,
          0.0004086727349207998,
          0.0004093740834415802,
          0.0004095399863834197,
          0.0004089923487585523,
          0.0004080117664677713,
          0.00040649469381095224,
          0.0004046427515515625,
          0.00040262522074873623,
          0.0004008823174806598,
          0.00039980510644900503,
          0.0003996996035474816,
          0.00040063455478035005,
          0.00040207485393371756,
          0.0004031139355276717,
          0.00040221225404645205,
          0.0003985227331147914,
          0.0003915748006956815,
          0.00038206800304122445,
          0.00037082435167459717,
          0.0003588174618721284
        ]
      },
      "gd": {
        "frequencies_Hz": [
          196078431372549.0,
          195963487145130.0,
          195848677602946.0,
          195734002509410.0,
          195619461628490.0,
          195505054724705.0,
          195390781563126.0,
          195276641909372.0,
          195162635529608.0,
          195048762190548.0,
          194935021659447.0,
          194821413704105.0,
          194707938092861.0,
          194594594594595.0,
          194481382978723.0,
          194368303015201.0,
          194255354474514.0,
          194142537127686.0,
          194029850746269.0,
          193917295102345.0,
          193804869968527.0,
          193692575117954.0,
          193580410324289.0,
          193468375361720.0,
          193356470004958.0,
          193244694029234.0,
          193133047210300.0,
          193021529324425.0,
          192910140148392.0,
          192798879459504.0,
          192687747035573.0,
          192576742654926.0,
          192465866096397.0,
          192355117139334.0,
          192244495563589.0,
          192134001149520.0,
          192023633677991.0,
          191913392930370.0,
          191803278688525.0,
          191693290734824.0
        ],
        "values_mW": [
          0.0010530135077935418,
          0.0010630267033343679,
          0.001072845889218299,
          0.0010758678129657911,
          0.001067467845512082,
          0.0010426934030380462,
          0.0010057790694009896,
          0.0009628102798194527,
          0.0009188511948292212,
          0.0008766385565987378,
          0.0008384349256612861,
          0.0008043510869295933,
          0.000773977925886951,
          0.0007458960571753421,
          0.0007180789015298567,
          0.0006899886529886044,
          0.0006619457050740583,
          0.0006357126305547015,
          0.0006123221033617138,
          0.0005924535110536827,
          0.0005758912127565069,
          0.0005627029370487439,
          0.0005530033742774297,
          0.0005462107684125847,
          0.0005416138906538131,
          0.0005388191429810869,
          0.000538208402238538,
          0.0005392686761290432,
          0.0005410857742578546,
          0.0005439202229183716,
          0.0005475556231857324,
          0.0005516921037716276,
          0.0005547387442764943,
          0.00055530832563833,
          0.0005523596019526133,
          0.0005459373809851592,
          0.0005371176278589625,
          0.0005276452931363694,
          0.0005189454884202403,
          0.0005121121043114001
        ]
      }
    }
  },
  {
    "spectra": {
      "target": {
        "frequencies_Hz": [
          196078431372549.0,
          195963487145130.0,
          195848677602946.0,
          195734002509410.0,
          195619461628490.0,
          195505054724705.0,
          195390781563126.0,
          195276641909372.0,
          195162635529608.0,
          195048762190548.0,
          194935021659447.0,
          194821413704105.0,
          194707938092861.0,
          194594594594595.0,
          194481382978723.0,
          194368303015201.0,
          194255354474514.0,
          194142537127686.0,
          194029850746269.0,
          193917295102345.0,
          193804869968527.0,
          193692575117954.0,
          193580410324289.0,
          193468375361720.0,
          193356470004958.0,
          193244694029234.0,
          193133047210300.0,
          193021529324425.0,
          192910140148392.0,
          192798879459504.0,
          192687747035573.0,
          192576742654926.0,
          192465866096397.0,
          192355117139334.0,
          192244495563589.0,
          192134001149520.0,
          192023633677991.0,
          191913392930370.0,
          191803278688525.0,
          191693290734824.0
        ],
        "values_mW": [
          0.001985937776070213,
          0.001985937776070213,
          0.001985937776070213,
          0.001985937776070213,
          0.001985937776070213,
          0.001985937776070213,
          0.001985937776070213,
          0.001985937776070213,
          0.001985937776070213,
          0.001985937776070213,
          0.001985937776070213,
          0.001985937776070213,
          0.001985937776070213,
          0.001985937776070213,
          0.001985937776070213,
          0.001985937776070213,
          0.001985937776070213,
          0.001985937776070213,
          0.001985937776070213,
          0.001985937776070213,
          0.001985937776070213,
          0.001985937776070213,
          0.001985937776070213,
          0.001985937776070213,
          0.001985937776070213,
          0.001985937776070213,
          0.001985937776070213,
          0.001985937776070213,
          0.001985937776070213,
          0.001985937776070213,
          0.001985937776070213,
          0.001985937776070213,
          0.001985937776070213,
          0.001985937776070213,
          0.001985937776070213,
          0.001985937776070213,
          0.001985937776070213,
          0.001985937776070213,
          0.001985937776070213,
          0.001985937776070213
        ]
      },
      "initial": {
        "frequencies_Hz": [
          196078431372549.0,
          195963487145130.0,
          195848677602946.0,
          195734002509410.0,
          195619461628490.0,
          195505054724705.0,
          195390781563126.0,
          195276641909372.0,
          195162635529608.0,
          195048762190548.0,
          194935021659447.0,
          194821413704105.0,
          194707938092861.0,
          194594594594595.0,
          194481382978723.0,
          194368303015201.0,
          194255354474514.0,
          194142537127686.0,
          194029850746269.0,
          193917295102345.0,
          193804869968527.0,
          193692575117954.0,
          193580410324289.0,
          193468375361720.0,
          193356470004958.0,
          193244694029234.0,
          193133047210300.0,
          193021529324425.0,
          192910140148392.0,
          192798879459504.0,
          192687747035573.0,
          192576742654926.0,
          192465866096397.0,
          192355117139334.0,
          192244495563589.0,
          192134001149520.0,
          192023633677991.0,
          191913392930370.0,
          191803278688525.0,
          191693290734824.0
        ],
        "values_mW": [
          0.0027508493081889415,
          0.002790437563604343,
          0.0028450689392597586,
          0.0029189267189298337,
          0.003006047686129593,
          0.0030919774284191926,
          0.0031368760676047745,
          0.0031284648530811522,
          0.0030540189639353195,
          0.002927511144208577,
          0.002770794597393914,
          0.0026031929433078713,
          0.0024348907510249158,
          0.0022821531870178555,
          0.00215176009518656,
          0.002048284859324922,
          0.001968924345728227,
          0.0019072592265539938,
          0.001857455426937481,
          0.0018228769534491185,
          0.0018056095704281786,
          0.0018031837495861743,
          0.0018084580978907133,
          0.001813422352428924,
          0.001806531488336695,
          0.0017826485700558944,
          0.001740744744400237,
          0.0016858664793740585,
          0.0016212323739102008,
          0.0015567791261316228,
          0.0014955844361994055,
          0.0014436341759521624,
          0.0014021747071978675,
          0.0013722093041575896,
          0.0013502020374096693,
          0.0013272479856596823,
          0.001296646555297991,
          0.0012538766629709456,
          0.0012035557987295077,
          0.0011506611313188335
        ]
      },
      "bern": {
        "frequencies_Hz": [
          196078431372549.0,
          195963487145130.0,
          195848677602946.0,
          195734002509410.0,
          195619461628490.0,
          195505054724705.0,
          195390781563126.0,
          195276641909372.0,
          195162635529608.0,
          195048762190548.0,
          194935021659447.0,
          194821413704105.0,
          194707938092861.0,
          194594594594595.0,
          194481382978723.0,
          194368303015201.0,
          194255354474514.0,
          194142537127686.0,
          194029850746269.0,
          193917295102345.0,
          193804869968527.0,
          193692575117954.0,
          193580410324289.0,
          193468375361720.0,
          193356470004958.0,
          193244694029234.0,
          193133047210300.0,
          193021529324425.0,
          192910140148392.0,
          192798879459504.0,
          192687747035573.0,
          192576742654926.0,
          192465866096397.0,
          192355117139334.0,
          192244495563589.0,
          192134001149520.0,
          192023633677991.0,
          191913392930370.0,
          191803278688525.0,
          191693290734824.0
        ],
        "values_mW": [
          0.0025597044438778914,
          0.0025141228027841904,
          0.002426653370586021,
          0.0023088739452794996,
          0.002175435774917225,
          0.0020412536841041082,
          0.001922791963277506,
          0.0018279808738166225,
          0.0017601929272153512,
          0.0017199478732143243,
          0.0016990979986800413,
          0.0016846648805299957,
          0.0016528941243688137,
          0.0015970629912545448,
          0.0015140459434048485,
          0.001411712467154718,
          0.0012996118037229536,
          0.0011887251954800925,
          0.0010865501059029612,
          0.0010011093161258766,
          0.0009324002283341174,
          0.000881040594070447,
          0.0008438398094407105,
          0.0008173714344498265,
          0.0007971928157409153,
          0.0007831460647646255,
          0.0007746614493198428,
          0.0007709842388461772,
          0.0007672238282775622,
          0.0007605307184869114,
          0.000749592625553942,
          0.0007349637177995899,
          0.000718373864317128,
          0.0007019953286545745,
          0.0006871376940204265,
          0.0006744861052215261,
          0.0006652339552605308,
          0.000660195127974685,
          0.0006605464353761858,
          0.0006656471473390783
        ]
      },
      "gd": {
        "frequencies_Hz": [
          196078431372549.0,
          195963487145130.0,
          195848677602946.0,
          195734002509410.0,
          195619461628490.0,
          195505054724705.0,
          195390781563126.0,
          195276641909372.0,
          195162635529608.0,
          195048762190548.0,
          194935021659447.0,
          194821413704105.0,
          194707938092861.0,
          194594594594595.0,
          194481382978723.0,
          194368303015201.0,
          194255354474514.0,
          194142537127686.0,
          194029850746269.0,
          193917295102345.0,
          193804869968527.0,
          193692575117954.0,
          193580410324289.0,
          193468375361720.0,
          193356470004958.0,
          193244694029234.0,
          193133047210300.0,
          193021529324425.0,
          192910140148392.0,
          192798879459504.0,
          192687747035573.0,
          192576742654926.0,
          192465866096397.0,
          192355117139334.0,
          192244495563589.0,
          192134001149520.0,
          192023633677991.0,
          191913392930370.0,
          191803278688525.0,
          191693290734824.0
        ],
        "values_mW": [
          0.001045241012191786,
          0.001054737338020786,
          0.0010518856050843433,
          0.001034804698131602,
          0.0010060517784805613,
          0.0009708097146455013,
          0.0009333929073637482,
          0.0008962346393533703,
          0.0008637503309166397,
          0.000836338721698266,
          0.0008152522738180209,
          0.0008003576509050186,
          0.000789091676714084,
          0.0007792121268863015,
          0.0007711498939998476,
          0.0007651527749233615,
          0.0007603497621653935,
          0.0007561563165461677,
          0.0007530387251111824,
          0.0007512466058274064,
          0.0007516254266981832,
          0.0007551409642283293,
          0.0007614129013475311,
          0.000768679453222496,
          0.0007757915199025878,
          0.0007809953818044491,
          0.0007821276797556608,
          0.0007793264369689787,
          0.0007729663491770891,
          0.000763046449500414,
          0.0007485243143118399,
          0.0007289289573098564,
          0.0007055481884144864,
          0.0006802444539474614,
          0.0006549335821812009,
          0.0006318340109414389,
          0.0006119264050585562,
          0.0005954085869495458,
          0.0005829752666172465,
          0.0005743581750705133
        ]
      }
    }
  },
  {
    "spectra": {
      "target": {
        "frequencies_Hz": [
          196078431372549.0,
          195963487145130.0,
          195848677602946.0,
          195734002509410.0,
          195619461628490.0,
          195505054724705.0,
          195390781563126.0,
          195276641909372.0,
          195162635529608.0,
          195048762190548.0,
          194935021659447.0,
          194821413704105.0,
          194707938092861.0,
          194594594594595.0,
          194481382978723.0,
          194368303015201.0,
          194255354474514.0,
          194142537127686.0,
          194029850746269.0,
          193917295102345.0,
          193804869968527.0,
          193692575117954.0,
          193580410324289.0,
          193468375361720.0,
          193356470004958.0,
          193244694029234.0,
          193133047210300.0,
          193021529324425.0,
          192910140148392.0,
          192798879459504.0,
          192687747035573.0,
          192576742654926.0,
          192465866096397.0,
          192355117139334.0,
          192244495563589.0,
          192134001149520.0,
          192023633677991.0,
          191913392930370.0,
          191803278688525.0,
          191693290734824.0
        ],
        "values_mW": [
          0.001985937776070213,
          0.001985937776070213,
          0.001985937776070213,
          0.001985937776070213,
          0.001985937776070213,
          0.001985937776070213,
          0.001985937776070213,
          0.001985937776070213,
          0.001985937776070213,
          0.001985937776070213,
          0.001985937776070213,
          0.001985937776070213,
          0.001985937776070213,
          0.001985937776070213,
          0.001985937776070213,
          0.001985937776070213,
          0.001985937776070213,
          0.001985937776070213,
          0.001985937776070213,
          0.001985937776070213,
          0.001985937776070213,
          0.001985937776070213,
          0.001985937776070213,
          0.001985937776070213,
          0.001985937776070213,
          0.001985937776070213,
          0.001985937776070213,
          0.001985937776070213,
          0.001985937776070213,
          0.001985937776070213,
          0.001985937776070213,
          0.001985937776070213,
          0.001985937776070213,
          0.001985937776070213,
          0.001985937776070213,
          0.001985937776070213,
          0.001985937776070213,
          0.001985937776070213,
          0.001985937776070213,
          0.001985937776070213
        ]
      },
      "initial": {
        "frequencies_Hz": [
          196078431372549.0,
          195963487145130.0,
          195848677602946.0,
          195734002509410.0,
          195619461628490.0,
          195505054724705.0,
          195390781563126.0,
          195276641909372.0,
          195162635529608.0,
          195048762190548.0,
          194935021659447.0,
          194821413704105.0,
          194707938092861.0,
          194594594594595.0,
          194481382978723.0,
          194368303015201.0,
          194255354474514.0,
          194142537127686.0,
          194029850746269.0,
          193917295102345.0,
          193804869968527.0,
          193692575117954.0,
          193580410324289.0,
          193468375361720.0,
          193356470004958.0,
          193244694029234.0,
          193133047210300.0,
          193021529324425.0,
          192910140148392.0,
          192798879459504.0,
          192687747035573.0,
          192576742654926.0,
          192465866096397.0,
          192355117139334.0,
          192244495563589.0,
          192134001149520.0,
          192023633677991.0,
          191913392930370.0,
          191803278688525.0,
          191693290734824.0
        ],
        "values_mW": [
          0.003853308966576992,
          0.003937949140540156,
          0.004014928193269114,
          0.004097166496001652,
          0.00419879987057908,
          0.004322655643347719,
          0.004468342640152771,
          0.004635179602591364,
          0.00480939692043394,
          0.004941595320977965,
          0.004993596581738056,
          0.004965003623253147,
          0.004860351302455405,
          0.0047068279677707865,
          0.004528443706577446,
          0.00433181427659953,
          0.004138064956909335,
          0.00395785326969793,
          0.00381118417431266,
          0.00369512697239594,
          0.0035982295735717904,
          0.0035157311240998296,
          0.0034553964405868807,
          0.0034271452416068777,
          0.0034351010778919775,
          0.0034709544621589184,
          0.003517559401568687,
          0.0035469431849620443,
          0.0035323517068289907,
          0.0034555062473901384,
          0.0033189763865557474,
          0.0031339044086055477,
          0.0029305522490530953,
          0.0027299058037141364,
          0.0025427202789106255,
          0.0023856696541081236,
          0.0022570886784513302,
          0.002155832106019741,
          0.0020694324325741037,
          0.0019872973292895287
        ]
      },
      "bern": {
        "frequencies_Hz": [
          196078431372549.0,
          195963487145130.0,
          195848677602946.0,
          195734002509410.0,
          195619461628490.0,
          195505054724705.0,
          195390781563126.0,
          195276641909372.0,
          195162635529608.0,
          195048762190548.0,
          194935021659447.0,
          194821413704105.0,
          194707938092861.0,
          194594594594595.0,
          194481382978723.0,
          194368303015201.0,
          194255354474514.0,
          194142537127686.0,
          194029850746269.0,
          193917295102345.0,
          193804869968527.0,
          193692575117954.0,
          193580410324289.0,
          193468375361720.0,
          193356470004958.0,
          193244694029234.0,
          193133047210300.0,
          193021529324425.0,
          192910140148392.0,
          192798879459504.0,
          192687747035573.0,
          192576742654926.0,
          192465866096397.0,
          192355117139334.0,
          192244495563589.0,
          192134001149520.0,
          192023633677991.0,
          191913392930370.0,
          191803278688525.0,
          191693290734824.0
        ],
        "values_mW": [
          0.002941060471099788,
          0.0028255218542360266,
          0.0026243532519188333,
          0.0023776191006816983,
          0.002123571908757341,
          0.0018852727759733276,
          0.0016787736781209719,
          0.001510628010190276,
          0.0013818060299255188,
          0.0012900058227820073,
          0.0012240455741255492,
          0.0011738243984007657,
          0.001133293992929462,
          0.0011032126906592667,
          0.001081897496848706,
          0.001065677609680654,
          0.0010526461193740844,
          0.0010419852796850887,
          0.0010347637204128832,
          0.0010312739233465408,
          0.0010328688236998734,
          0.0010379893624860278,
          0.0010477412252600934,
          0.001062224998060291,
          0.0010804459154623136,
          0.0011043304723286893,
          0.0011328525910368965,
          0.0011632098721737329,
          0.0011851699423494448,
          0.0011881828982923867,
          0.0011652556951182733,
          0.001118956702107904,
          0.0010563652297801026,
          0.0009889891390371178,
          0.0009242829968828247,
          0.000867667004845152,
          0.0008209441010696225,
          0.0007842822518712771,
          0.0007562141272961834,
          0.000731863421799444
        ]
      },
      "gd": {
        "frequencies_Hz": [
          196078431372549.0,
          195963487145130.0,
          195848677602946.0,
          195734002509410.0,
          195619461628490.0,
          195505054724705.0,
          195390781563126.0,
          195276641909372.0,
          195162635529608.0,
          195048762190548.0,
          194935021659447.0,
          194821413704105.0,
          194707938092861.0,
          194594594594595.0,
          194481382978723.0,
          194368303015201.0,
          194255354474514.0,
          194142537127686.0,
          194029850746269.0,
          193917295102345.0,
          193804869968527.0,
          193692575117954.0,
          193580410324289.0,
          193468375361720.0,
          193356470004958.0,
          193244694029234.0,
          193133047210300.0,
          193021529324425.0,
          192910140148392.0,
          192798879459504.0,
          192687747035573.0,
          192576742654926.0,
          192465866096397.0,
          192355117139334.0,
          192244495563589.0,
          192134001149520.0,
          192023633677991.0,
          191913392930370.0,
          191803278688525.0,
          191693290734824.0
        ],
        "values_mW": [
          0.0009409464848422508,
          0.0009472858025731289,
          0.0009582230401091615,
          0.0009727659778106054,
          0.0009876669817728274,
          0.0009980158667770487,
          0.000998519268684461,
          0.0009854436967986332,
          0.0009587769548219651,
          0.0009233740703195683,
          0.000882712661192689,
          0.0008420074753786363,
          0.0008051639174370545,
          0.0007738352707616456,
          0.0007482563920756241,
          0.0007283112941180568,
          0.0007131299327832842,
          0.0007009382916168853,
          0.0006903632390326009,
          0.0006814547777036369,
          0.0006744518985218823,
          0.0006686969413049716,
          0.0006641930027318984,
          0.0006612254172861413,
          0.000660798811015836,
          0.0006627320285991667,
          0.000666670344906049,
          0.0006715566716003809,
          0.0006751778289641389,
          0.0006763437561178855,
          0.0006734454346459705,
          0.000668583991582158,
          0.0006622885802539227,
          0.0006551415963221237,
          0.0006461922582305593,
          0.000634728511891286,
          0.0006201625468744089,
          0.0006030577970176102,
          0.0005847034686634513,
          0.0005661090928048828
        ]
      }
    }
  },
  {
    "spectra": {
      "target": {
        "frequencies_Hz": [
          196078431372549.0,
          195963487145130.0,
          195848677602946.0,
          195734002509410.0,
          195619461628490.0,
          195505054724705.0,
          195390781563126.0,
          195276641909372.0,
          195162635529608.0,
          195048762190548.0,
          194935021659447.0,
          194821413704105.0,
          194707938092861.0,
          194594594594595.0,
          194481382978723.0,
          194368303015201.0,
          194255354474514.0,
          194142537127686.0,
          194029850746269.0,
          193917295102345.0,
          193804869968527.0,
          193692575117954.0,
          193580410324289.0,
          193468375361720.0,
          193356470004958.0,
          193244694029234.0,
          193133047210300.0,
          193021529324425.0,
          192910140148392.0,
          192798879459504.0,
          192687747035573.0,
          192576742654926.0,
          192465866096397.0,
          192355117139334.0,
          192244495563589.0,
          192134001149520.0,
          192023633677991.0,
          191913392930370.0,
          191803278688525.0,
          191693290734824.0
        ],
        "values_mW": [
          0.002500147532536785,
          0.002500147532536785,
          0.002500147532536785,
          0.002500147532536785,
          0.002500147532536785,
          0.002500147532536785,
          0.002500147532536785,
          0.002500147532536785,
          0.002500147532536785,
          0.002500147532536785,
          0.002500147532536785,
          0.002500147532536785,
          0.002500147532536785,
          0.002500147532536785,
          0.002500147532536785,
          0.002500147532536785,
          0.002500147532536785,
          0.002500147532536785,
          0.002500147532536785,
          0.002500147532536785,
          0.002500147532536785,
          0.002500147532536785,
          0.002500147532536785,
          0.002500147532536785,
          0.002500147532536785,
          0.002500147532536785,
          0.002500147532536785,
          0.002500147532536785,
          0.002500147532536785,
          0.002500147532536785,
          0.002500147532536785,
          0.002500147532536785,
          0.002500147532536785,
          0.002500147532536785,
          0.002500147532536785,
          0.002500147532536785,
          0.002500147532536785,
          0.002500147532536785,
          0.002500147532536785,
          0.002500147532536785
        ]
      },
      "initial": {
        "frequencies_Hz": [
          196078431372549.0,
          195963487145130.0,
          195848677602946.0,
          195734002509410.0,
          195619461628490.0,
          195505054724705.0,
          195390781563126.0,
          195276641909372.0,
          195162635529608.0,
          195048762190548.0,
          194935021659447.0,
          194821413704105.0,
          194707938092861.0,
          194594594594595.0,
          194481382978723.0,
          194368303015201.0,
          194255354474514.0,
          194142537127686.0,
          194029850746269.0,
          193917295102345.0,
          193804869968527.0,
          193692575117954.0,
          193580410324289.0,
          193468375361720.0,
          193356470004958.0,
          193244694029234.0,
          193133047210300.0,
          193021529324425.0,
          192910140148392.0,
          192798879459504.0,
          192687747035573.0,
          192576742654926.0,
          192465866096397.0,
          192355117139334.0,
          192244495563589.0,
          192134001149520.0,
          192023633677991.0,
          191913392930370.0,
          191803278688525.0,
          191693290734824.0
        ],
        "values_mW": [
          0.002789553018789969,
          0.00286166052907102,
          0.002923843219996613,
          0.002977264693105964,
          0.0030188476068721175,
          0.003057966391110122,
          0.003094733212339677,
          0.003135598520169667,
          0.0031843305518108396,
          0.0032486152657959667,
          0.0033285297491477696,
          0.0034255226162816805,
          0.0035153367925641194,
          0.003560659762744942,
          0.0035406614110406417,
          0.003444451431948321,
          0.0032858641401228616,
          0.003087541560802001,
          0.0028759229701751502,
          0.002664928106626769,
          0.0024793503897109124,
          0.002321341812725474,
          0.002198640370291416,
          0.002106699862724262,
          0.0020460761214197726,
          0.0020071514099510605,
          0.0019815965694182113,
          0.0019620726139602035,
          0.0019355075073130344,
          0.0018850691854458885,
          0.0018064972507177022,
          0.0017086127138471556,
          0.0016003176677472316,
          0.0014915181070812582,
          0.001389048986022378,
          0.0013018610477380638,
          0.0012314356860198094,
          0.001180984711834523,
          0.0011493520916377449,
          0.0011333322332998117
        ]
      },
      "bern": {
        "frequencies_Hz": [
          196078431372549.0,
          195963487145130.0,
          195848677602946.0,
          195734002509410.0,
          195619461628490.0,
          195505054724705.0,
          195390781563126.0,
          195276641909372.0,
          195162635529608.0,
          195048762190548.0,
          194935021659447.0,
          194821413704105.0,
          194707938092861.0,
          194594594594595.0,
          194481382978723.0,
          194368303015201.0,
          194255354474514.0,
          194142537127686.0,
          194029850746269.0,
          193917295102345.0,
          193804869968527.0,
          193692575117954.0,
          193580410324289.0,
          193468375361720.0,
          193356470004958.0,
          193244694029234.0,
          193133047210300.0,
          193021529324425.0,
          192910140148392.0,
          192798879459504.0,
          192687747035573.0,
          192576742654926.0,
          192465866096397.0,
          192355117139334.0,
          192244495563589.0,
          192134001149520.0,
          192023633677991.0,
          191913392930370.0,
          191803278688525.0,
          191693290734824.0
        ],
        "values_mW": [
          0.0016070427119947144,
          0.0016056161591290518,
          0.0015968620391513238,
          0.0015693532661952357,
          0.0015164602699433546,
          0.0014332226409682815,
          0.0013238626954685025,
          0.0011960340245361692,
          0.0010655761424421492,
          0.0009429594547287624,
          0.0008353275759224808,
          0.0007452600357074651,
          0.0006740302215798813,
          0.0006173886000014217,
          0.0005732572674951147,
          0.0005398866116408343,
          0.0005148683939729062,
          0.0004944569909436686,
          0.000477815889515175,
          0.00046476395850981317,
          0.00045511614598406054,
          0.0004474223398878421,
          0.0004418473284498849,
          0.0004383232034292959,
          0.00043657469299213927,
          0.00043689070491213355,
          0.00043903362220858416,
          0.0004435151557134187,
          0.00044972346296011086,
          0.00045759763100010684,
          0.00046551919227333095,
          0.00047224273635677655,
          0.0004767128388060868,
          0.0004781725483566871,
          0.00047526213727210563,
          0.0004675301372603751,
          0.0004550435680778648,
          0.00043920265417636545,
          0.0004218748019035018,
          0.00040514126085438
        ]
      },
      "gd": {
        "frequencies_Hz": [
          196078431372549.0,
          195963487145130.0,
          195848677602946.0,
          195734002509410.0,
          195619461628490.0,
          195505054724705.0,
          195390781563126.0,
          195276641909372.0,
          195162635529608.0,
          195048762190548.0,
          194935021659447.0,
          194821413704105.0,
          194707938092861.0,
          194594594594595.0,
          194481382978723.0,
          194368303015201.0,
          194255354474514.0,
          194142537127686.0,
          194029850746269.0,
          193917295102345.0,
          193804869968527.0,
          193692575117954.0,
          193580410324289.0,
          193468375361720.0,
          193356470004958.0,
          193244694029234.0,
          193133047210300.0,
          193021529324425.0,
          192910140148392.0,
          192798879459504.0,
          192687747035573.0,
          192576742654926.0,
          192465866096397.0,
          192355117139334.0,
          192244495563589.0,
          192134001149520.0,
          192023633677991.0,
          191913392930370.0,
          191803278688525.0,
          191693290734824.0
        ],
        "values_mW": [
          0.0011127608416781755,
          0.0010882589031978483,
          0.001051460004381697,
          0.0010092155751984157,
          0.0009661834909257623,
          0.0009256689602060454,
          0.0008911818356687845,
          0.0008632545891751487,
          0.00084338989341642,
          0.0008299026608904258,
          0.000821787152662951,
          0.0008151647895897919,
          0.0008105353797892761,
          0.0008078255393743426,
          0.0008062658831727095,
          0.0008043675624979768,
          0.0008016321831074016,
          0.0007995120721076684,
          0.0007975717376463413,
          0.0007965348893310634,
          0.0007969488960072203,
          0.0007995508294770051,
          0.0008047815105004868,
          0.0008130971289169568,
          0.0008254164639836804,
          0.0008400654328894861,
          0.0008537462682386588,
          0.0008613896644764506,
          0.0008579902911065828,
          0.000840890096163759,
          0.0008119253348597913,
          0.0007747576860611598,
          0.0007340766988421864,
          0.0006932818304545477,
          0.0006561690497268962,
          0.000623426942506997,
          0.0005960981023070183,
          0.0005740439511951425,
          0.00055661502573578,
          0.0005426283247116562
        ]
      }
    }
  },
  {
    "spectra": {
      "target": {
        "frequencies_Hz": [
          196078431372549.0,
          195963487145130.0,
          195848677602946.0,
          195734002509410.0,
          195619461628490.0,
          195505054724705.0,
          195390781563126.0,
          195276641909372.0,
          195162635529608.0,
          195048762190548.0,
          194935021659447.0,
          194821413704105.0,
          194707938092861.0,
          194594594594595.0,
          194481382978723.0,
          194368303015201.0,
          194255354474514.0,
          194142537127686.0,
          194029850746269.0,
          193917295102345.0,
          193804869968527.0,
          193692575117954.0,
          193580410324289.0,
          193468375361720.0,
          193356470004958.0,
          193244694029234.0,
          193133047210300.0,
          193021529324425.0,
          192910140148392.0,
          192798879459504.0,
          192687747035573.0,
          192576742654926.0,
          192465866096397.0,
          192355117139334.0,
          192244495563589.0,
          192134001149520.0,
          192023633677991.0,
          191913392930370.0,
          191803278688525.0,
          191693290734824.0
        ],
        "values_mW": [
          0.002500147532536785,
          0.002500147532536785,
          0.002500147532536785,
          0.002500147532536785,
          0.002500147532536785,
          0.002500147532536785,
          0.002500147532536785,
          0.002500147532536785,
          0.002500147532536785,
          0.002500147532536785,
          0.002500147532536785,
          0.002500147532536785,
          0.002500147532536785,
          0.002500147532536785,
          0.002500147532536785,
          0.002500147532536785,
          0.002500147532536785,
          0.002500147532536785,
          0.002500147532536785,
          0.002500147532536785,
          0.002500147532536785,
          0.002500147532536785,
          0.002500147532536785,
          0.002500147532536785,
          0.002500147532536785,
          0.002500147532536785,
          0.002500147532536785,
          0.002500147532536785,
          0.002500147532536785,
          0.002500147532536785,
          0.002500147532536785,
          0.002500147532536785,
          0.002500147532536785,
          0.002500147532536785,
          0.002500147532536785,
          0.002500147532536785,
          0.002500147532536785,
          0.002500147532536785,
          0.002500147532536785,
          0.002500147532536785
        ]
      },
      "initial": {
        "frequencies_Hz": [
          196078431372549.0,
          195963487145130.0,
          195848677602946.0,
          195734002509410.0,
          195619461628490.0,
          195505054724705.0,
          195390781563126.0,
          195276641909372.0,
          195162635529608.0,
          195048762190548.0,
          194935021659447.0,
          194821413704105.0,
          194707938092861.0,
          194594594594595.0,
          194481382978723.0,
          194368303015201.0,
          194255354474514.0,
          194142537127686.0,
          194029850746269.0,
          193917295102345.0,
          193804869968527.0,
          193692575117954.0,
          193580410324289.0,
          193468375361720.0,
          193356470004958.0,
          193244694029234.0,
          193133047210300.0,
          193021529324425.0,
          192910140148392.0,
          192798879459504.0,
          192687747035573.0,
          192576742654926.0,
          192465866096397.0,
          192355117139334.0,
          192244495563589.0,
          192134001149520.0,
          192023633677991.0,
          191913392930370.0,
          191803278688525.0,
          191693290734824.0
        ],
        "values_mW": [
          0.0030886175795359913,
          0.0031434154425014995,
          0.003194628656275511,
          0.0032426371698643353,
          0.0032934068496204374,
          0.003348002926276235,
          0.003415702499565487,
          0.0035041657329497765,
          0.003615803227342906,
          0.003727120418462203,
          0.0038037588361075885,
          0.003830715884001861,
          0.00377592918284464,
          0.0036460265785930035,
          0.00346722887345865,
          0.0032631822530256485,
          0.0030513445446069005,
          0.0028522011086658627,
          0.0026793868008346336,
          0.002536411311127079,
          0.0024212983414633633,
          0.002334273412933805,
          0.002268316258924512,
          0.0022162114405173136,
          0.0021811210996599277,
          0.002160996092496219,
          0.0021451179337670413,
          0.0021217870529388794,
          0.002080488352039888,
          0.002016641113211567,
          0.001929509716655102,
          0.0018289385074694625,
          0.0017263425019255975,
          0.0016308574627005709,
          0.0015490439496655332,
          0.0014878646503618728,
          0.0014448720356461894,
          0.0014162319441345444,
          0.001391500624169636,
          0.0013566952945980619
        ]
      },
      "bern": {
        "frequencies_Hz": [
          196078431372549.0,
          195963487145130.0,
          195848677602946.0,
          195734002509410.0,
          195619461628490.0,
          195505054724705.0,
          195390781563126.0,
          195276641909372.0,
          195162635529608.0,
          195048762190548.0,
          194935021659447.0,
          194821413704105.0,
          194707938092861.0,
          194594594594595.0,
          194481382978723.0,
          194368303015201.0,
          194255354474514.0,
          194142537127686.0,
          194029850746269.0,
          193917295102345.0,
          193804869968527.0,
          193692575117954.0,
          193580410324289.0,
          193468375361720.0,
          193356470004958.0,
          193244694029234.0,
          193133047210300.0,
          193021529324425.0,
          192910140148392.0,
          192798879459504.0,
          192687747035573.0,
          192576742654926.0,
          192465866096397.0,
          192355117139334.0,
          192244495563589.0,
          192134001149520.0,
          192023633677991.0,
          191913392930370.0,
          191803278688525.0,
          191693290734824.0
        ],
        "values_mW": [
          0.0020552099758268535,
          0.002000989915202494,
          0.0018694619205082438,
          0.0016823580432417447,
          0.0014732833387217925,
          0.0012689507528311072,
          0.0010856829539886103,
          0.000934891264075351,
          0.000815956346477858,
          0.0007272442268216902,
          0.0006631612580800672,
          0.000616123755577755,
          0.0005795373722126381,
          0.0005495843610502215,
          0.000526368111273317,
          0.000509101522802109,
          0.0004949857433108392,
          0.0004834402317717743,
          0.00047398590533190906,
          0.0004670312285809199,
          0.0004625811239125474,
          0.00046111169008440807,
          0.00046251118910967473,
          0.000465886638916339,
          0.00047147393032773117,
          0.00047875825845428355,
          0.0004885802857853141,
          0.0005009316202657629,
          0.0005149104977379811,
          0.0005263890953096436,
          0.0005307599159664227,
          0.0005252752897294406,
          0.0005107542671666187,
          0.0004896875462019225,
          0.00046612757561843344,
          0.00044272025045273783,
          0.000421138135308315,
          0.0004020380568418615,
          0.000386313671097359,
          0.00037421393272410886
        ]
      },
      "gd": {
        "frequencies_Hz": [
          196078431372549.0,
          195963487145130.0,
          195848677602946.0,
          195734002509410.0,
          195619461628490.0,
          195505054724705.0,
          195390781563126.0,
          195276641909372.0,
          195162635529608.0,
          195048762190548.0,
          194935021659447.0,
          194821413704105.0,
          194707938092861.0,
          194594594594595.0,
          194481382978723.0,
          194368303015201.0,
          194255354474514.0,
          194142537127686.0,
          194029850746269.0,
          193917295102345.0,
          193804869968527.0,
          193692575117954.0,
          193580410324289.0,
          193468375361720.0,
          193356470004958.0,
          193244694029234.0,
          193133047210300.0,
          193021529324425.0,
          192910140148392.0,
          192798879459504.0,
          192687747035573.0,
          192576742654926.0,
          192465866096397.0,
          192355117139334.0,
          192244495563589.0,
          192134001149520.0,
          192023633677991.0,
          191913392930370.0,
          191803278688525.0,
          191693290734824.0
        ],
        "values_mW": [
          0.0009746630722291605,
          0.0009880665298962073,
          0.001003822421351321,
          0.0010195681685662367,
          0.0010313991242920312,
          0.0010354975088539037,
          0.0010261467582153181,
          0.0010067217399981091,
          0.0009804222551607696,
          0.0009502268763634664,
          0.0009187581981387743,
          0.0008887540457938756,
          0.0008617782065755191,
          0.0008385072204866451,
          0.0008205433095806534,
          0.0008065385163931387,
          0.0007948965183250853,
          0.0007841390095827835,
          0.0007757618711433101,
          0.0007707753169702806,
          0.000769646551055752,
          0.0007714156405341533,
          0.0007750314576764009,
          0.0007789692281611068,
          0.000779662084039063,
          0.0007752644255948662,
          0.000764660879783778,
          0.0007491454507421478,
          0.0007301699327380859,
          0.0007095699123794751,
          0.0006897399416127388,
          0.0006728043313263959,
          0.0006589071537861811,
          0.0006476496219624707,
          0.0006377194455887913,
          0.0006272791814363946,
          0.0006152672309392645,
          0.0006016819986699774,
          0.0005877057516194917,
          0.0005741757259743719
        ]
      }
    }
  },
  {
    "spectra": {
      "target": {
        "frequencies_Hz": [
          196078431372549.0,
          195963487145130.0,
          195848677602946.0,
          195734002509410.0,
          195619461628490.0,
          195505054724705.0,
          195390781563126.0,
          195276641909372.0,
          195162635529608.0,
          195048762190548.0,
          194935021659447.0,
          194821413704105.0,
          194707938092861.0,
          194594594594595.0,
          194481382978723.0,
          194368303015201.0,
          194255354474514.0,
          194142537127686.0,
          194029850746269.0,
          193917295102345.0,
          193804869968527.0,
          193692575117954.0,
          193580410324289.0,
          193468375361720.0,
          193356470004958.0,
          193244694029234.0,
          193133047210300.0,
          193021529324425.0,
          192910140148392.0,
          192798879459504.0,
          192687747035573.0,
          192576742654926.0,
          192465866096397.0,
          192355117139334.0,
          192244495563589.0,
          192134001149520.0,
          192023633677991.0,
          191913392930370.0,
          191803278688525.0,
          191693290734824.0
        ],
        "values_mW": [
          0.002500147532536785,
          0.002500147532536785,
          0.002500147532536785,
          0.002500147532536785,
          0.002500147532536785,
          0.002500147532536785,
          0.002500147532536785,
          0.002500147532536785,
          0.002500147532536785,
          0.002500147532536785,
          0.002500147532536785,
          0.002500147532536785,
          0.002500147532536785,
          0.002500147532536785,
          0.002500147532536785,
          0.002500147532536785,
          0.002500147532536785,
          0.002500147532536785,
          0.002500147532536785,
          0.002500147532536785,
          0.002500147532536785,
          0.002500147532536785,
          0.002500147532536785,
          0.002500147532536785,
          0.002500147532536785,
          0.002500147532536785,
          0.002500147532536785,
          0.002500147532536785,
          0.002500147532536785,
          0.002500147532536785,
          0.002500147532536785,
          0.002500147532536785,
          0.002500147532536785,
          0.002500147532536785,
          0.002500147532536785,
          0.002500147532536785,
          0.002500147532536785,
          0.002500147532536785,
          0.002500147532536785,
          0.002500147532536785
        ]
      },
      "initial": {
        "frequencies_Hz": [
          196078431372549.0,
          195963487145130.0,
          195848677602946.0,
          195734002509410.0,
          195619461628490.0,
          195505054724705.0,
          195390781563126.0,
          195276641909372.0,
          195162635529608.0,
          195048762190548.0,
          194935021659447.0,
          194821413704105.0,
          194707938092861.0,
          194594594594595.0,
          194481382978723.0,
          194368303015201.0,
          194255354474514.0,
          194142537127686.0,
          194029850746269.0,
          193917295102345.0,
          193804869968527.0,
          193692575117954.0,
          193580410324289.0,
          193468375361720.0,
          193356470004958.0,
          193244694029234.0,
          193133047210300.0,
          193021529324425.0,
          192910140148392.0,
          192798879459504.0,
          192687747035573.0,
          192576742654926.0,
          192465866096397.0,
          192355117139334.0,
          192244495563589.0,
          192134001149520.0,
          192023633677991.0,
          191913392930370.0,
          191803278688525.0,
          191693290734824.0
        ],
        "values_mW": [
          0.002707266895383045,
          0.002762793119268867,
          0.002809989926988421,
          0.002848816051692506,
          0.00289119184276407,
          0.002940785858836663,
          0.0030063833706320993,
          0.0030943587633631654,
          0.0031967367092514657,
          0.003298350552495775,
          0.003378680278900523,
          0.0034174218921644243,
          0.0033915120069018404,
          0.0033064398889143145,
          0.003187044493603414,
          0.0030467854190191846,
          0.0029058948612302824,
          0.002781742996191129,
          0.0026731945769174607,
          0.0025829660193343257,
          0.0025095994564851174,
          0.002454941069468314,
          0.0024118735663401663,
          0.002372087532757166,
          0.002340679347387817,
          0.002322638383520755,
          0.0023173280110081644,
          0.002324481615130982,
          0.002347121701717036,
          0.0023796640389810372,
          0.002408722059718628,
          0.0024220528787969745,
          0.002410312869920176,
          0.002368223320852955,
          0.002298203831589279,
          0.0022146582248186103,
          0.0021292255433652983,
          0.0020456594648231435,
          0.0019740832619655783,
          0.0019073837661715686
        ]
      },
      "bern": {
        "frequencies_Hz": [
          196078431372549.0,
          195963487145130.0,
          195848677602946.0,
          195734002509410.0,
          195619461628490.0,
          195505054724705.0,
          195390781563126.0,
          195276641909372.0,
          195162635529608.0,
          195048762190548.0,
          194935021659447.0,
          194821413704105.0,
          194707938092861.0,
          194594594594595.0,
          194481382978723.0,
          194368303015201.0,
          194255354474514.0,
          194142537127686.0,
          194029850746269.0,
          193917295102345.0,
          193804869968527.0,
          193692575117954.0,
          193580410324289.0,
          193468375361720.0,
          193356470004958.0,
          193244694029234.0,
          193133047210300.0,
          193021529324425.0,
          192910140148392.0,
          192798879459504.0,
          192687747035573.0,
          192576742654926.0,
          192465866096397.0,
          192355117139334.0,
          192244495563589.0,
          192134001149520.0,
          192023633677991.0,
          191913392930370.0,
          191803278688525.0,
          191693290734824.0
        ],
        "values_mW": [
          0.0008894396584549311,
          0.0009140351460316862,
          0.0009403176685638455,
          0.0009670369322347966,
          0.0009936054263570498,
          0.0010202295157547264,
          0.0010490630550009108,
          0.00107761646212399,
          0.0011067307208665557,
          0.001136817877100891,
          0.0011684027722024916,
          0.001200304140379482,
          0.0012331774958838728,
          0.0012663669043557891,
          0.001301469078966218,
          0.0013377005069119385,
          0.001376307282319898,
          0.0014148930394132018,
          0.0014522189376824288,
          0.0014894582058465923,
          0.0015299924798119185,
          0.0015684787958433989,
          0.0016054914371478718,
          0.0016410846918485727,
          0.0016742277258757015,
          0.0017020128463833962,
          0.001724041703489619,
          0.0017427062377488153,
          0.0017585205648824353,
          0.0017705013660842335,
          0.0017826143103891897,
          0.0017974995079687297,
          0.0018183248143855341,
          0.001845458485306446,
          0.001879898652527474,
          0.001914695088940435,
          0.0019386533142036805,
          0.0019405764391310417,
          0.0019118866075094477,
          0.001854789374911488
        ]
      },
      "gd": {
        "frequencies_Hz": [
          196078431372549.0,
          195963487145130.0,
          195848677602946.0,
          195734002509410.0,
          195619461628490.0,
          195505054724705.0,
          195390781563126.0,
          195276641909372.0,
          195162635529608.0,
          195048762190548.0,
          194935021659447.0,
          194821413704105.0,
          194707938092861.0,
          194594594594595.0,
          194481382978723.0,
          194368303015201.0,
          194255354474514.0,
          194142537127686.0,
          194029850746269.0,
          193917295102345.0,
          193804869968527.0,
          193692575117954.0,
          193580410324289.0,
          193468375361720.0,
          193356470004958.0,
          193244694029234.0,
          193133047210300.0,
          193021529324425.0,
          192910140148392.0,
          192798879459504.0,
          192687747035573.0,
          192576742654926.0,
          192465866096397.0,
          192355117139334.0,
          192244495563589.0,
          192134001149520.0,
          192023633677991.0,
          191913392930370.0,
          191803278688525.0,
          191693290734824.0
        ],
        "values_mW": [
          0.0009131432810253529,
          0.0009296481501096373,
          0.0009461967109078478,
          0.0009595806645436073,
          0.0009652553665938056,
          0.0009605726208168667,
          0.0009474753007957948,
          0.0009283202867955885,
          0.000904828936923155,
          0.000878765516242729,
          0.0008549795932919192,
          0.0008353140139237413,
          0.0008197281118271411,
          0.0008084239287998974,
          0.0008001823125432791,
          0.0007937730303964468,
          0.0007875620033655922,
          0.0007826610702713425,
          0.0007791812596466156,
          0.0007760274292737409,
          0.0007732040211996886,
          0.0007717644149353013,
          0.0007723635174107044,
          0.000775019568934274,
          0.0007803579420080912,
          0.0007877376475647422,
          0.0007945609182360155,
          0.0007983810826587575,
          0.0007970701080407676,
          0.0007902590504850874,
          0.0007789076974825375,
          0.0007638674235836511,
          0.0007456402375067996,
          0.000723990237746381,
          0.0007003152994461657,
          0.0006759944652328144,
          0.0006531156926639301,
          0.0006336233021370586,
          0.0006181080847571546,
          0.0006059159141729849
        ]
      }
    }
  },
  {
    "spectra": {
      "target": {
        "frequencies_Hz": [
          196078431372549.0,
          195963487145130.0,
          195848677602946.0,
          195734002509410.0,
          195619461628490.0,
          195505054724705.0,
          195390781563126.0,
          195276641909372.0,
          195162635529608.0,
          195048762190548.0,
          194935021659447.0,
          194821413704105.0,
          194707938092861.0,
          194594594594595.0,
          194481382978723.0,
          194368303015201.0,
          194255354474514.0,
          194142537127686.0,
          194029850746269.0,
          193917295102345.0,
          193804869968527.0,
          193692575117954.0,
          193580410324289.0,
          193468375361720.0,
          193356470004958.0,
          193244694029234.0,
          193133047210300.0,
          193021529324425.0,
          192910140148392.0,
          192798879459504.0,
          192687747035573.0,
          192576742654926.0,
          192465866096397.0,
          192355117139334.0,
          192244495563589.0,
          192134001149520.0,
          192023633677991.0,
          191913392930370.0,
          191803278688525.0,
          191693290734824.0
        ],
        "values_mW": [
          0.002500147532536785,
          0.002500147532536785,
          0.002500147532536785,
          0.002500147532536785,
          0.002500147532536785,
          0.002500147532536785,
          0.002500147532536785,
          0.002500147532536785,
          0.002500147532536785,
          0.002500147532536785,
          0.002500147532536785,
          0.002500147532536785,
          0.002500147532536785,
          0.002500147532536785,
          0.002500147532536785,
          0.002500147532536785,
          0.002500147532536785,
          0.002500147532536785,
          0.002500147532536785,
          0.002500147532536785,
          0.002500147532536785,
          0.002500147532536785,
          0.002500147532536785,
          0.002500147532536785,
          0.002500147532536785,
          0.002500147532536785,
          0.002500147532536785,
          0.002500147532536785,
          0.002500147532536785,
          0.002500147532536785,
          0.002500147532536785,
          0.002500147532536785,
          0.002500147532536785,
          0.002500147532536785,
          0.002500147532536785,
          0.002500147532536785,
          0.002500147532536785,
          0.002500147532536785,
          0.002500147532536785,
          0.002500147532536785
        ]
      },
      "initial": {
        "frequencies_Hz": [
          196078431372549.0,
          195963487145130.0,
          195848677602946.0,
          195734002509410.0,
          195619461628490.0,
          195505054724705.0,
          195390781563126.0,
          195276641909372.0,
          195162635529608.0,
          195048762190548.0,
          194935021659447.0,
          194821413704105.0,
          194707938092861.0,
          194594594594595.0,
          194481382978723.0,
          194368303015201.0,
          194255354474514.0,
          194142537127686.0,
          194029850746269.0,
          193917295102345.0,
          193804869968527.0,
          193692575117954.0,
          193580410324289.0,
          193468375361720.0,
          193356470004958.0,
          193244694029234.0,
          193133047210300.0,
          193021529324425.0,
          192910140148392.0,
          192798879459504.0,
          192687747035573.0,
          192576742654926.0,
          192465866096397.0,
          192355117139334.0,
          192244495563589.0,
          192134001149520.0,
          192023633677991.0,
          191913392930370.0,
          191803278688525.0,
          191693290734824.0
        ],
        "values_mW": [
          0.0032793715423303253,
          0.0033506136967369833,
          0.003414110359207441,
          0.003475770586047832,
          0.0035398770993429985,
          0.003611010361372015,
          0.003695320838288311,
          0.0037967748507110413,
          0.003919984798406028,
          0.004047534079900826,
          0.004149053219242924,
          0.004187857246716029,
          0.004156664267950025,
          0.004048098026830992,
          0.003883702909502627,
          0.0036896550748764284,
          0.0034823552082932276,
          0.0032820610574981687,
          0.0030991592954941524,
          0.002945158352480234,
          0.002818749734476141,
          0.002714237383280745,
          0.0026313431065575653,
          0.002562844748388668,
          0.0025146961669081343,
          0.002488021348994164,
          0.002477227015403624,
          0.0024688213200051274,
          0.0024461138772698806,
          0.002397783036270184,
          0.0023112680427401357,
          0.002191482481823418,
          0.0020514663747475174,
          0.0019067995665799867,
          0.0017714330520537812,
          0.001653732986560614,
          0.0015637589630579604,
          0.001495472125816942,
          0.0014437547891891101,
          0.0013932193665549112
        ]
      },
      "bern": {
        "frequencies_Hz": [
          196078431372549.0,
          195963487145130.0,
          195848677602946.0,
          195734002509410.0,
          195619461628490.0,
          195505054724705.0,
          195390781563126.0,
          195276641909372.0,
          195162635529608.0,
          195048762190548.0,
          194935021659447.0,
          194821413704105.0,
          194707938092861.0,
          194594594594595.0,
          194481382978723.0,
          194368303015201.0,
          194255354474514.0,
          194142537127686.0,
          194029850746269.0,
          193917295102345.0,
          193804869968527.0,
          193692575117954.0,
          193580410324289.0,
          193468375361720.0,
          193356470004958.0,
          193244694029234.0,
          193133047210300.0,
          193021529324425.0,
          192910140148392.0,
          192798879459504.0,
          192687747035573.0,
          192576742654926.0,
          192465866096397.0,
          192355117139334.0,
          192244495563589.0,
          192134001149520.0,
          192023633677991.0,
          191913392930370.0,
          191803278688525.0,
          191693290734824.0
        ],
        "values_mW": [
          0.0031553997291926877,
          0.0029611533728837714,
          0.0028126018647561496,
          0.0026994602893693088,
          0.0026050597678861356,
          0.0025050363791151546,
          0.002384595838228545,
          0.0022450277116566994,
          0.0020990285563334127,
          0.0019573707436070773,
          0.0018273944290494106,
          0.001715452968857213,
          0.0016240059631023468,
          0.0015573463171095372,
          0.001514589570455901,
          0.0014889667272498567,
          0.0014782866428745688,
          0.0014796572055773335,
          0.0014934548060591202,
          0.0015174804832002774,
          0.0015494643317723131,
          0.0015861214463077236,
          0.0016325848697166876,
          0.0016884486531326894,
          0.001743148595633492,
          0.001785309028562987,
          0.0018100339948843285,
          0.0018215745294224278,
          0.0018295043148016795,
          0.0018351683744353949,
          0.0018425417398185832,
          0.0018543765989477998,
          0.0018737064594572422,
          0.00189664362094897,
          0.0019141487482995962,
          0.0019223981512359388,
          0.0019190814688461518,
          0.001903246515786854,
          0.001882135112444243,
          0.0018591813192522458
        ]
      },
      "gd": {
        "frequencies_Hz": [
          196078431372549.0,
          195963487145130.0,
          195848677602946.0,
          195734002509410.0,
          195619461628490.0,
          195505054724705.0,
          195390781563126.0,
          195276641909372.0,
          195162635529608.0,
          195048762190548.0,
          194935021659447.0,
          194821413704105.0,
          194707938092861.0,
          194594594594595.0,
          194481382978723.0,
          194368303015201.0,
          194255354474514.0,
          194142537127686.0,
          194029850746269.0,
          193917295102345.0,
          193804869968527.0,
          193692575117954.0,
          193580410324289.0,
          193468375361720.0,
          193356470004958.0,
          193244694029234.0,
          193133047210300.0,
          193021529324425.0,
          192910140148392.0,
          192798879459504.0,
          192687747035573.0,
          192576742654926.0,
          192465866096397.0,
          192355117139334.0,
          192244495563589.0,
          192134001149520.0,
          192023633677991.0,
          191913392930370.0,
          191803278688525.0,
          191693290734824.0
        ],
        "values_mW": [
          0.0011218413124975172,
          0.001075786029420469,
          0.001024141243266417,
          0.0009722781681217938,
          0.000925518726794214,
          0.0008854237847765199,
          0.0008543097375417526,
          0.000832137452181525,
          0.0008166097378503321,
          0.0008053640341416405,
          0.0007970608182585808,
          0.0007916576854337724,
          0.0007883842066599221,
          0.0007868958750719474,
          0.0007872062813590778,
          0.0007879583682592138,
          0.000789272721908247,
          0.0007909795024592622,
          0.0007931330058030374,
          0.0007953672426854856,
          0.0007974951161197468,
          0.0007998151511422312,
          0.0008019941835155024,
          0.0008047812132323698,
          0.0008097038538546982,
          0.000816991354923994,
          0.0008246948229504751,
          0.0008308311941108478,
          0.0008325009153966573,
          0.0008276660628454664,
          0.0008134502940999307,
          0.0007898387623965693,
          0.0007559369470046673,
          0.000715932109778372,
          0.0006731576916388218,
          0.000631163578305965,
          0.0005922705249142785,
          0.0005580117234125616,
          0.0005291223677456542,
          0.000505698312015576
        ]
      }
    }
  },
  {
    "spectra": {
      "target": {
        "frequencies_Hz": [
          196078431372549.0,
          195963487145130.0,
          195848677602946.0,
          195734002509410.0,
          195619461628490.0,
          195505054724705.0,
          195390781563126.0,
          195276641909372.0,
          195162635529608.0,
          195048762190548.0,
          194935021659447.0,
          194821413704105.0,
          194707938092861.0,
          194594594594595.0,
          194481382978723.0,
          194368303015201.0,
          194255354474514.0,
          194142537127686.0,
          194029850746269.0,
          193917295102345.0,
          193804869968527.0,
          193692575117954.0,
          193580410324289.0,
          193468375361720.0,
          193356470004958.0,
          193244694029234.0,
          193133047210300.0,
          193021529324425.0,
          192910140148392.0,
          192798879459504.0,
          192687747035573.0,
          192576742654926.0,
          192465866096397.0,
          192355117139334.0,
          192244495563589.0,
          192134001149520.0,
          192023633677991.0,
          191913392930370.0,
          191803278688525.0,
          191693290734824.0
        ],
        "values_mW": [
          0.002500147532536785,
          0.002500147532536785,
          0.002500147532536785,
          0.002500147532536785,
          0.002500147532536785,
          0.002500147532536785,
          0.002500147532536785,
          0.002500147532536785,
          0.002500147532536785,
          0.002500147532536785,
          0.002500147532536785,
          0.002500147532536785,
          0.002500147532536785,
          0.002500147532536785,
          0.002500147532536785,
          0.002500147532536785,
          0.002500147532536785,
          0.002500147532536785,
          0.002500147532536785,
          0.002500147532536785,
          0.002500147532536785,
          0.002500147532536785,
          0.002500147532536785,
          0.002500147532536785,
          0.002500147532536785,
          0.002500147532536785,
          0.002500147532536785,
          0.002500147532536785,
          0.002500147532536785,
          0.002500147532536785,
          0.002500147532536785,
          0.002500147532536785,
          0.002500147532536785,
          0.002500147532536785,
          0.002500147532536785,
          0.002500147532536785,
          0.002500147532536785,
          0.002500147532536785,
          0.002500147532536785,
          0.002500147532536785
        ]
      },
      "initial": {
        "frequencies_Hz": [
          196078431372549.0,
          195963487145130.0,
          195848677602946.0,
          195734002509410.0,
          195619461628490.0,
          195505054724705.0,
          195390781563126.0,
          195276641909372.0,
          195162635529608.0,
          195048762190548.0,
          194935021659447.0,
          194821413704105.0,
          194707938092861.0,
          194594594594595.0,
          194481382978723.0,
          194368303015201.0,
          194255354474514.0,
          194142537127686.0,
          194029850746269.0,
          193917295102345.0,
          193804869968527.0,
          193692575117954.0,
          193580410324289.0,
          193468375361720.0,
          193356470004958.0,
          193244694029234.0,
          193133047210300.0,
          193021529324425.0,
          192910140148392.0,
          192798879459504.0,
          192687747035573.0,
          192576742654926.0,
          192465866096397.0,
          192355117139334.0,
          192244495563589.0,
          192134001149520.0,
          192023633677991.0,
          191913392930370.0,
          191803278688525.0,
          191693290734824.0
        ],
        "values_mW": [
          0.00319989373961824,
          0.0032643324588048955,
          0.0033269639785312648,
          0.0033890833778487716,
          0.003448529712742357,
          0.0035155521553773992,
          0.0036033592369480423,
          0.0037200008117674096,
          0.003860916894157147,
          0.004010707488978091,
          0.004130596134188209,
          0.004179492044015258,
          0.004123774656579948,
          0.003991566616996493,
          0.0038092114173327476,
          0.0035962007815722127,
          0.0033796090451302255,
          0.0031863333977968406,
          0.0030252865334659527,
          0.0028947127854531953,
          0.0028092446364407298,
          0.0027540702686163735,
          0.0027135953766602647,
          0.0026800394098451534,
          0.002654598487585806,
          0.0026363576185695703,
          0.0026116105364479623,
          0.002590430960861582,
          0.0025674079960695574,
          0.002543998978247647,
          0.0025198132532151646,
          0.002501526648883746,
          0.0024919860806896774,
          0.0024922503471455667,
          0.0025054578038152028,
          0.0025242813253053544,
          0.002542572030202872,
          0.0025448192933178347,
          0.002521009047565023,
          0.002458271544435733
        ]
      },
      "bern": {
        "frequencies_Hz": [
          196078431372549.0,
          195963487145130.0,
          195848677602946.0,
          195734002509410.0,
          195619461628490.0,
          195505054724705.0,
          195390781563126.0,
          195276641909372.0,
          195162635529608.0,
          195048762190548.0,
          194935021659447.0,
          194821413704105.0,
          194707938092861.0,
          194594594594595.0,
          194481382978723.0,
          194368303015201.0,
          194255354474514.0,
          194142537127686.0,
          194029850746269.0,
          193917295102345.0,
          193804869968527.0,
          193692575117954.0,
          193580410324289.0,
          193468375361720.0,
          193356470004958.0,
          193244694029234.0,
          193133047210300.0,
          193021529324425.0,
          192910140148392.0,
          192798879459504.0,
          192687747035573.0,
          192576742654926.0,
          192465866096397.0,
          192355117139334.0,
          192244495563589.0,
          192134001149520.0,
          192023633677991.0,
          191913392930370.0,
          191803278688525.0,
          191693290734824.0
        ],
        "values_mW": [
          0.0010034583234610692,
          0.0010234349472146415,
          0.0010445715802397618,
          0.0010668631728663026,
          0.0010918199333442601,
          0.0011194468063455204,
          0.0011483423671612121,
          0.0011801619594327514,
          0.001214028103913035,
          0.0012487752970897004,
          0.0012801903673845328,
          0.0013057360197086866,
          0.0013243190446975512,
          0.0013401374179421656,
          0.0013571437348240314,
          0.0013756725559805458,
          0.0013939159587558422,
          0.001411438721886132,
          0.0014321865868674429,
          0.0014590947938254964,
          0.0014897821479505822,
          0.0015206517351726105,
          0.0015528933793278667,
          0.0015888542294061091,
          0.0016273972053010427,
          0.001665393209209898,
          0.0017042812161447982,
          0.0017436852506909444,
          0.0017834950286420028,
          0.0018251028947000507,
          0.0018677242270604408,
          0.0019117358426488976,
          0.0019513416987495958,
          0.001996119960648009,
          0.002040749977172051,
          0.0020836178683359494,
          0.0021226535016676132,
          0.0021538178963795445,
          0.002175433697655651,
          0.002181744607859473
        ]
      },
      "gd": {
        "frequencies_Hz": [
          196078431372549.0,
          195963487145130.0,
          195848677602946.0,
          195734002509410.0,
          195619461628490.0,
          195505054724705.0,
          195390781563126.0,
          195276641909372.0,
          195162635529608.0,
          195048762190548.0,
          194935021659447.0,
          194821413704105.0,
          194707938092861.0,
          194594594594595.0,
          194481382978723.0,
          194368303015201.0,
          194255354474514.0,
          194142537127686.0,
          194029850746269.0,
          193917295102345.0,
          193804869968527.0,
          193692575117954.0,
          193580410324289.0,
          193468375361720.0,
          193356470004958.0,
          193244694029234.0,
          193133047210300.0,
          193021529324425.0,
          192910140148392.0,
          192798879459504.0,
          192687747035573.0,
          192576742654926.0,
          192465866096397.0,
          192355117139334.0,
          192244495563589.0,
          192134001149520.0,
          192023633677991.0,
          191913392930370.0,
          191803278688525.0,
          191693290734824.0
        ],
        "values_mW": [
          0.0007764673807730988,
          0.0007893604292171886,
          0.0008020113994179357,
          0.0008138712649820466,
          0.000824708665137644,
          0.0008348965671845034,
          0.0008441034196775772,
          0.0008520602243561057,
          0.000858849500116543,
          0.0008644170662736852,
          0.000870234581407481,
          0.0008766805990415918,
          0.0008851880841966065,
          0.0008954822080777627,
          0.0009074149736420476,
          0.0009192357512558609,
          0.0009289954052242182,
          0.0009321420758072522,
          0.000926329484730021,
          0.0009117440844506083,
          0.0008900972920624442,
          0.0008635872545355427,
          0.0008351308979518926,
          0.0008080709949091969,
          0.0007848479205305669,
          0.0007664856925126967,
          0.0007539134146032292,
          0.0007458839219029239,
          0.0007399840879271963,
          0.000732834915894802,
          0.000722957936417541,
          0.0007090241427233764,
          0.0006916644120109137,
          0.0006712538694507512,
          0.0006491660335331678,
          0.0006267911153394642,
          0.0006057374544784089,
          0.0005870583677763609,
          0.0005712664740256067,
          0.0005586894968169144
        ]
      }
    }
  },
  {
    "spectra": {
      "target": {
        "frequencies_Hz": [
          196078431372549.0,
          195963487145130.0,
          195848677602946.0,
          195734002509410.0,
          195619461628490.0,
          195505054724705.0,
          195390781563126.0,
          195276641909372.0,
          195162635529608.0,
          195048762190548.0,
          194935021659447.0,
          194821413704105.0,
          194707938092861.0,
          194594594594595.0,
          194481382978723.0,
          194368303015201.0,
          194255354474514.0,
          194142537127686.0,
          194029850746269.0,
          193917295102345.0,
          193804869968527.0,
          193692575117954.0,
          193580410324289.0,
          193468375361720.0,
          193356470004958.0,
          193244694029234.0,
          193133047210300.0,
          193021529324425.0,
          192910140148392.0,
          192798879459504.0,
          192687747035573.0,
          192576742654926.0,
          192465866096397.0,
          192355117139334.0,
          192244495563589.0,
          192134001149520.0,
          192023633677991.0,
          191913392930370.0,
          191803278688525.0,
          191693290734824.0
        ],
        "values_mW": [
          0.002500147532536785,
          0.002500147532536785,
          0.002500147532536785,
          0.002500147532536785,
          0.002500147532536785,
          0.002500147532536785,
          0.002500147532536785,
          0.002500147532536785,
          0.002500147532536785,
          0.002500147532536785,
          0.002500147532536785,
          0.002500147532536785,
          0.002500147532536785,
          0.002500147532536785,
          0.002500147532536785,
          0.002500147532536785,
          0.002500147532536785,
          0.002500147532536785,
          0.002500147532536785,
          0.002500147532536785,
          0.002500147532536785,
          0.002500147532536785,
          0.002500147532536785,
          0.002500147532536785,
          0.002500147532536785,
          0.002500147532536785,
          0.002500147532536785,
          0.002500147532536785,
          0.002500147532536785,
          0.002500147532536785,
          0.002500147532536785,
          0.002500147532536785,
          0.002500147532536785,
          0.002500147532536785,
          0.002500147532536785,
          0.002500147532536785,
          0.002500147532536785,
          0.002500147532536785,
          0.002500147532536785,
          0.002500147532536785
        ]
      },
      "initial": {
        "frequencies_Hz": [
          196078431372549.0,
          195963487145130.0,
          195848677602946.0,
          195734002509410.0,
          195619461628490.0,
          195505054724705.0,
          195390781563126.0,
          195276641909372.0,
          195162635529608.0,
          195048762190548.0,
          194935021659447.0,
          194821413704105.0,
          194707938092861.0,
          194594594594595.0,
          194481382978723.0,
          194368303015201.0,
          194255354474514.0,
          194142537127686.0,
          194029850746269.0,
          193917295102345.0,
          193804869968527.0,
          193692575117954.0,
          193580410324289.0,
          193468375361720.0,
          193356470004958.0,
          193244694029234.0,
          193133047210300.0,
          193021529324425.0,
          192910140148392.0,
          192798879459504.0,
          192687747035573.0,
          192576742654926.0,
          192465866096397.0,
          192355117139334.0,
          192244495563589.0,
          192134001149520.0,
          192023633677991.0,
          191913392930370.0,
          191803278688525.0,
          191693290734824.0
        ],
        "values_mW": [
          0.0021622700124104277,
          0.0022214198167298024,
          0.0022764216960283806,
          0.0023239750151636835,
          0.0023687158843808975,
          0.0024110475823990035,
          0.002451720284840542,
          0.002494966552812763,
          0.002544760384153186,
          0.0026002186312650954,
          0.0026725958594672845,
          0.0027586785947433957,
          0.002847225945992471,
          0.002912690960139638,
          0.0029429052959305995,
          0.002924125833262607,
          0.0028692836855474914,
          0.002780758960998873,
          0.002670270575150311,
          0.0025508528431541413,
          0.0024361759689945418,
          0.0023323244819400298,
          0.0022456929824837876,
          0.0021772427894277695,
          0.0021241591486824475,
          0.002083343521943164,
          0.002057842176777755,
          0.0020494983046484227,
          0.002054819469635708,
          0.0020638796357337463,
          0.0020689365070292723,
          0.002055262766072362,
          0.0020139887320913337,
          0.0019452111869208114,
          0.00185544634061834,
          0.00175390540751095,
          0.0016488209422573924,
          0.0015493816570103626,
          0.001461492572287549,
          0.0013872673435340688
        ]
      },
      "bern": {
        "frequencies_Hz": [
          196078431372549.0,
          195963487145130.0,
          195848677602946.0,
          195734002509410.0,
          195619461628490.0,
          195505054724705.0,
          195390781563126.0,
          195276641909372.0,
          195162635529608.0,
          195048762190548.0,
          194935021659447.0,
          194821413704105.0,
          194707938092861.0,
          194594594594595.0,
          194481382978723.0,
          194368303015201.0,
          194255354474514.0,
          194142537127686.0,
          194029850746269.0,
          193917295102345.0,
          193804869968527.0,
          193692575117954.0,
          193580410324289.0,
          193468375361720.0,
          193356470004958.0,
          193244694029234.0,
          193133047210300.0,
          193021529324425.0,
          192910140148392.0,
          192798879459504.0,
          192687747035573.0,
          192576742654926.0,
          192465866096397.0,
          192355117139334.0,
          192244495563589.0,
          192134001149520.0,
          192023633677991.0,
          191913392930370.0,
          191803278688525.0,
          191693290734824.0
        ],
        "values_mW": [
          0.0023735398722456525,
          0.0024395937781390657,
          0.002498337675839651,
          0.002552343222713185,
          0.002598616185450677,
          0.0026362975238695516,
          0.0026657177363615878,
          0.002691491768111935,
          0.0027220649108761624,
          0.0027594233638559475,
          0.0028110398410382148,
          0.0028797286588289474,
          0.002971843197042034,
          0.003079838500498434,
          0.003183486245633445,
          0.003240756036833761,
          0.0032210579020822672,
          0.003128465033748496,
          0.002986565766767794,
          0.002815569192948436,
          0.0026332850862122053,
          0.002460593195883236,
          0.002315956761598798,
          0.0021995808350190795,
          0.002112204257447737,
          0.002053086446610814,
          0.0020149501282650203,
          0.0019840461752671083,
          0.001964958218804481,
          0.001956596253878153,
          0.0019577349569332866,
          0.0019553333851497893,
          0.001961579759519564,
          0.0019719635455543953,
          0.001983232743899692,
          0.0019959161482608076,
          0.002006952639107631,
          0.0020166251043538005,
          0.0020190074585316785,
          0.0020190522966978142
        ]
      },
      "gd": {
        "frequencies_Hz": [
          196078431372549.0,
          195963487145130.0,
          195848677602946.0,
          195734002509410.0,
          195619461628490.0,
          195505054724705.0,
          195390781563126.0,
          195276641909372.0,
          195162635529608.0,
          195048762190548.0,
          194935021659447.0,
          194821413704105.0,
          194707938092861.0,
          194594594594595.0,
          194481382978723.0,
          194368303015201.0,
          194255354474514.0,
          194142537127686.0,
          194029850746269.0,
          193917295102345.0,
          193804869968527.0,
          193692575117954.0,
          193580410324289.0,
          193468375361720.0,
          193356470004958.0,
          193244694029234.0,
          193133047210300.0,
          193021529324425.0,
          192910140148392.0,
          192798879459504.0,
          192687747035573.0,
          192576742654926.0,
          192465866096397.0,
          192355117139334.0,
          192244495563589.0,
          192134001149520.0,
          192023633677991.0,
          191913392930370.0,
          191803278688525.0,
          191693290734824.0
        ],
        "values_mW": [
          0.0010469873909314852,
          0.0010395342841979498,
          0.0010217731573935653,
          0.0009964940777274836,
          0.0009665855845999251,
          0.0009359301443917832,
          0.0009086512798630701,
          0.0008859657904158917,
          0.0008681297546978504,
          0.0008567792390758328,
          0.0008496108565447683,
          0.0008454710516460768,
          0.0008432178242605737,
          0.0008421713764220354,
          0.0008413719490087846,
          0.0008394865425445174,
          0.000837650255848904,
          0.0008359915218753986,
          0.0008342339871357168,
          0.0008332403361472242,
          0.0008344171928714314,
          0.0008388297423786813,
          0.0008463112157732806,
          0.0008577724462408842,
          0.0008709943645702438,
          0.0008833890169730349,
          0.0008915558652454637,
          0.0008925355450605155,
          0.0008835056456675434,
          0.0008632440217890509,
          0.0008342987288690163,
          0.0007999246931982771,
          0.0007628539090563255,
          0.0007278171965738159,
          0.0006958404624113122,
          0.000668091710099497,
          0.0006443573009594823,
          0.0006244844476077643,
          0.0006073221110553912,
          0.0005924353613481995
        ]
      }
    }
  }
]